phase,dataset_name,algorithm_name,model_file_name,model_path,patch_set,patch_size,feature_set,threshold_column,threshold_value,stride_divisor,cluster_iou_threshold,weighted_box_size_factor,postprocess_method,status,raw_score_reuse_mode,raw_scoring_total_runtime_seconds,image_count,total_window_count,total_candidate_count,total_final_detection_count,mean_candidates_per_image,mean_final_detections_per_image,total_runtime_seconds,mean_runtime_seconds_per_image,tp_iou_0_1,fp_iou_0_1,fn_iou_0_1,detection_precision_iou_0_1,detection_recall_iou_0_1,detection_f1_iou_0_1,false_positives_per_image_iou_0_1,false_negatives_per_image_iou_0_1,negative_image_count_iou_0_1,negative_total_fp_iou_0_1,negative_fp_per_negative_image_iou_0_1,negative_accuracy_iou_0_1,mean_matched_iou_iou_0_1,tp_iou_0_2,fp_iou_0_2,fn_iou_0_2,detection_precision_iou_0_2,detection_recall_iou_0_2,detection_f1_iou_0_2,false_positives_per_image_iou_0_2,false_negatives_per_image_iou_0_2,negative_image_count_iou_0_2,negative_total_fp_iou_0_2,negative_fp_per_negative_image_iou_0_2,negative_accuracy_iou_0_2,mean_matched_iou_iou_0_2,tp_iou_0_3,fp_iou_0_3,fn_iou_0_3,detection_precision_iou_0_3,detection_recall_iou_0_3,detection_f1_iou_0_3,false_positives_per_image_iou_0_3,false_negatives_per_image_iou_0_3,negative_image_count_iou_0_3,negative_total_fp_iou_0_3,negative_fp_per_negative_image_iou_0_3,negative_accuracy_iou_0_3,mean_matched_iou_iou_0_3,postprocess_total_runtime_seconds,estimated_total_runtime_seconds_with_raw_scoring,combo_wall_runtime_seconds
phase1_threshold_sweep,dataset2_honeybee,linear_svm,d2_linsvm_011__centered48_balanced__hog16_pca_hsv_lbp.joblib,outputs/models/selected_classification_model_pool/dataset2_honeybee/linear_svm/d2_linsvm_011__centered48_balanced__hog16_pca_hsv_lbp.joblib,centered48_balanced,48,hog16_pca_hsv_lbp,score_threshold,0.4,4,0.2,1.0,weighted_center,OK,per_model_per_stride_in_memory,35.62634634971619,500,49500,3672,691,7.344,1.382,0.02726006507873535,5.4520130157470705e-05,223,468,78,0.3227206946454414,0.7408637873754153,0.4495967741935484,0.936,0.156,250,175,0.7,0.504,0.33669063036050845,190,501,111,0.27496382054992763,0.6312292358803987,0.38306451612903225,1.002,0.222,250,175,0.7,0.504,0.37556814316550813,134,557,167,0.1939218523878437,0.44518272425249167,0.2701612903225806,1.114,0.334,250,175,0.7,0.504,0.4330619145647922,0.02726006507873535,35.65360641479492,0.031523942947387695
phase1_threshold_sweep,dataset2_honeybee,linear_svm,d2_linsvm_011__centered48_balanced__hog16_pca_hsv_lbp.joblib,outputs/models/selected_classification_model_pool/dataset2_honeybee/linear_svm/d2_linsvm_011__centered48_balanced__hog16_pca_hsv_lbp.joblib,centered48_balanced,48,hog16_pca_hsv_lbp,score_threshold,0.5,4,0.2,1.0,weighted_center,OK,per_model_per_stride_in_memory,35.62634634971619,500,49500,3049,588,6.098,1.176,0.017221689224243164,3.444337844848633e-05,210,378,91,0.35714285714285715,0.6976744186046512,0.4724409448818898,0.756,0.182,250,142,0.568,0.608,0.3429216499946184,187,401,114,0.31802721088435376,0.6212624584717608,0.420697412823397,0.802,0.228,250,142,0.568,0.608,0.37450427686654053,133,455,168,0.2261904761904762,0.4418604651162791,0.2992125984251969,0.91,0.336,250,142,0.568,0.608,0.428160437709112,0.017221689224243164,35.64356803894043,0.025933027267456055
phase1_threshold_sweep,dataset2_honeybee,linear_svm,d2_linsvm_011__centered48_balanced__hog16_pca_hsv_lbp.joblib,outputs/models/selected_classification_model_pool/dataset2_honeybee/linear_svm/d2_linsvm_011__centered48_balanced__hog16_pca_hsv_lbp.joblib,centered48_balanced,48,hog16_pca_hsv_lbp,score_threshold,0.6,4,0.2,1.0,weighted_center,OK,per_model_per_stride_in_memory,35.62634634971619,500,49500,2500,507,5.0,1.014,0.015263557434082031,3.052711486816406e-05,196,311,105,0.3865877712031558,0.6511627906976745,0.4851485148514852,0.622,0.21,250,108,0.432,0.708,0.3489545652321494,175,332,126,0.34516765285996054,0.5813953488372093,0.43316831683168316,0.664,0.252,250,108,0.432,0.708,0.3802844789219187,129,378,172,0.25443786982248523,0.42857142857142855,0.3193069306930693,0.756,0.344,250,108,0.432,0.708,0.4287703907828536,0.015263557434082031,35.64160990715027,0.021480083465576172
phase1_threshold_sweep,dataset2_honeybee,linear_svm,d2_linsvm_011__centered48_balanced__hog16_pca_hsv_lbp.joblib,outputs/models/selected_classification_model_pool/dataset2_honeybee/linear_svm/d2_linsvm_011__centered48_balanced__hog16_pca_hsv_lbp.joblib,centered48_balanced,48,hog16_pca_hsv_lbp,score_threshold,0.7,4,0.2,1.0,weighted_center,OK,per_model_per_stride_in_memory,35.62634634971619,500,49500,2044,424,4.088,0.848,0.015216350555419922,3.0432701110839845e-05,182,242,119,0.42924528301886794,0.6046511627906976,0.5020689655172413,0.484,0.238,250,85,0.34,0.768,0.35225516238813503,162,262,139,0.38207547169811323,0.5382059800664452,0.446896551724138,0.524,0.278,250,85,0.34,0.768,0.38183422787179466,116,308,185,0.27358490566037735,0.3853820598006645,0.32,0.616,0.37,250,85,0.34,0.768,0.43372817623275256,0.015216350555419922,35.641562700271606,0.017761945724487305
phase1_threshold_sweep,dataset2_honeybee,linear_svm,d2_linsvm_011__centered48_balanced__hog16_pca_hsv_lbp.joblib,outputs/models/selected_classification_model_pool/dataset2_honeybee/linear_svm/d2_linsvm_011__centered48_balanced__hog16_pca_hsv_lbp.joblib,centered48_balanced,48,hog16_pca_hsv_lbp,score_threshold,0.8,4,0.2,1.0,weighted_center,OK,per_model_per_stride_in_memory,35.62634634971619,500,49500,1673,363,3.346,0.726,0.013222455978393555,2.644491195678711e-05,173,190,128,0.4765840220385675,0.574750830564784,0.5210843373493976,0.38,0.256,250,62,0.248,0.836,0.354998147601658,155,208,146,0.42699724517906334,0.5149501661129569,0.46686746987951805,0.416,0.292,250,62,0.248,0.836,0.38202269548548445,110,253,191,0.30303030303030304,0.3654485049833887,0.3313253012048193,0.506,0.382,250,62,0.248,0.836,0.4349367983950744,0.013222455978393555,35.63956880569458,0.016561508178710938
phase1_threshold_sweep,dataset2_honeybee,linear_svm,d2_linsvm_011__centered48_balanced__hog16_pca_hsv_lbp.joblib,outputs/models/selected_classification_model_pool/dataset2_honeybee/linear_svm/d2_linsvm_011__centered48_balanced__hog16_pca_hsv_lbp.joblib,centered48_balanced,48,hog16_pca_hsv_lbp,score_threshold,0.9,4,0.2,1.0,weighted_center,OK,per_model_per_stride_in_memory,35.62634634971619,500,49500,1333,301,2.666,0.602,0.011098861694335938,2.2197723388671875e-05,152,149,149,0.5049833887043189,0.5049833887043189,0.5049833887043189,0.298,0.298,250,50,0.2,0.864,0.35830710018890805,136,165,165,0.45182724252491696,0.45182724252491696,0.45182724252491696,0.33,0.33,250,50,0.2,0.864,0.3864547956545401,98,203,203,0.32558139534883723,0.32558139534883723,0.32558139534883723,0.406,0.406,250,50,0.2,0.864,0.4373906645539236,0.011098861694335938,35.63744521141052,0.013208866119384766
phase1_threshold_sweep,dataset2_honeybee,linear_svm,d2_linsvm_011__centered48_balanced__hog16_pca_hsv_lbp.joblib,outputs/models/selected_classification_model_pool/dataset2_honeybee/linear_svm/d2_linsvm_011__centered48_balanced__hog16_pca_hsv_lbp.joblib,centered48_balanced,48,hog16_pca_hsv_lbp,score_threshold,1.0,4,0.2,1.0,weighted_center,OK,per_model_per_stride_in_memory,35.62634634971619,500,49500,1063,244,2.126,0.488,0.010115623474121094,2.0231246948242186e-05,132,112,169,0.5409836065573771,0.43853820598006643,0.4844036697247706,0.224,0.338,250,39,0.156,0.9,0.36220861954254135,118,126,183,0.48360655737704916,0.3920265780730897,0.43302752293577984,0.252,0.366,250,39,0.156,0.9,0.39106867767073844,88,156,213,0.36065573770491804,0.292358803986711,0.3229357798165138,0.312,0.426,250,39,0.156,0.9,0.4396418338766422,0.010115623474121094,35.63646197319031,0.011113166809082031
phase1_threshold_sweep,dataset2_honeybee,linear_svm,d2_linsvm_011__centered48_balanced__hog16_pca_hsv_lbp.joblib,outputs/models/selected_classification_model_pool/dataset2_honeybee/linear_svm/d2_linsvm_011__centered48_balanced__hog16_pca_hsv_lbp.joblib,centered48_balanced,48,hog16_pca_hsv_lbp,score_threshold,1.1,4,0.2,1.0,weighted_center,OK,per_model_per_stride_in_memory,35.62634634971619,500,49500,837,196,1.674,0.392,0.0,0.0,109,87,192,0.5561224489795918,0.36212624584717606,0.43863179074446684,0.174,0.384,250,32,0.128,0.92,0.36640815352026995,98,98,203,0.5,0.32558139534883723,0.3943661971830986,0.196,0.406,250,32,0.128,0.92,0.39577952276376227,72,124,229,0.3673469387755102,0.23920265780730898,0.289738430583501,0.248,0.458,250,32,0.128,0.92,0.4446992063991466,0.0,35.62634634971619,0.0
phase1_threshold_sweep,dataset2_honeybee,linear_svm,d2_linsvm_004__centered48_balanced__hog16_hsv_lbp.joblib,outputs/models/selected_classification_model_pool/dataset2_honeybee/linear_svm/d2_linsvm_004__centered48_balanced__hog16_hsv_lbp.joblib,centered48_balanced,48,hog16_hsv_lbp,score_threshold,0.4,4,0.2,1.0,weighted_center,OK,per_model_per_stride_in_memory,34.78743362426758,500,49500,3672,695,7.344,1.39,0.024877309799194336,4.9754619598388674e-05,221,474,80,0.31798561151079136,0.7342192691029901,0.44377510040160645,0.948,0.16,250,182,0.728,0.484,0.33461061790253094,191,504,110,0.27482014388489207,0.6345514950166113,0.38353413654618473,1.008,0.22,250,182,0.728,0.484,0.3723669516295683,136,559,165,0.19568345323741007,0.45182724252491696,0.27309236947791166,1.118,0.33,250,182,0.728,0.484,0.4249241868156377,0.024877309799194336,34.81231093406677,0.028325796127319336
phase1_threshold_sweep,dataset2_honeybee,linear_svm,d2_linsvm_004__centered48_balanced__hog16_hsv_lbp.joblib,outputs/models/selected_classification_model_pool/dataset2_honeybee/linear_svm/d2_linsvm_004__centered48_balanced__hog16_hsv_lbp.joblib,centered48_balanced,48,hog16_hsv_lbp,score_threshold,0.5,4,0.2,1.0,weighted_center,OK,per_model_per_stride_in_memory,34.78743362426758,500,49500,3058,589,6.116,1.178,0.02076268196105957,4.152536392211914e-05,207,382,94,0.35144312393887944,0.6877076411960132,0.46516853932584273,0.764,0.188,250,143,0.572,0.604,0.34087675061806894,186,403,115,0.3157894736842105,0.6179401993355482,0.41797752808988764,0.806,0.23,250,143,0.572,0.604,0.37067841091375214,133,456,168,0.22580645161290322,0.4418604651162791,0.298876404494382,0.912,0.336,250,143,0.572,0.604,0.4240766650769437,0.02076268196105957,34.80819630622864,0.024283885955810547
phase1_threshold_sweep,dataset2_honeybee,linear_svm,d2_linsvm_004__centered48_balanced__hog16_hsv_lbp.joblib,outputs/models/selected_classification_model_pool/dataset2_honeybee/linear_svm/d2_linsvm_004__centered48_balanced__hog16_hsv_lbp.joblib,centered48_balanced,48,hog16_hsv_lbp,score_threshold,0.6,4,0.2,1.0,weighted_center,OK,per_model_per_stride_in_memory,34.78743362426758,500,49500,2515,510,5.03,1.02,0.017306089401245117,3.4612178802490236e-05,196,314,105,0.3843137254901961,0.6511627906976745,0.48335388409371155,0.628,0.21,250,114,0.456,0.692,0.34160100276563626,174,336,127,0.3411764705882353,0.5780730897009967,0.42909987669543775,0.672,0.254,250,114,0.456,0.692,0.3744374760618725,129,381,172,0.2529411764705882,0.42857142857142855,0.31812577065351416,0.762,0.344,250,114,0.456,0.692,0.4227064938529914,0.017306089401245117,34.80473971366882,0.020298242568969727
phase1_threshold_sweep,dataset2_honeybee,linear_svm,d2_linsvm_004__centered48_balanced__hog16_hsv_lbp.joblib,outputs/models/selected_classification_model_pool/dataset2_honeybee/linear_svm/d2_linsvm_004__centered48_balanced__hog16_hsv_lbp.joblib,centered48_balanced,48,hog16_hsv_lbp,score_threshold,0.7,4,0.2,1.0,weighted_center,OK,per_model_per_stride_in_memory,34.78743362426758,500,49500,2057,425,4.114,0.85,0.01416158676147461,2.832317352294922e-05,182,243,119,0.42823529411764705,0.6046511627906976,0.5013774104683195,0.486,0.238,250,88,0.352,0.768,0.34471093521127766,162,263,139,0.3811764705882353,0.5382059800664452,0.4462809917355372,0.526,0.278,250,88,0.352,0.768,0.37448697098135214,114,311,187,0.26823529411764707,0.3787375415282392,0.3140495867768595,0.622,0.374,250,88,0.352,0.768,0.4293160423845214,0.01416158676147461,34.80159521102905,0.01416158676147461
phase1_threshold_sweep,dataset2_honeybee,linear_svm,d2_linsvm_004__centered48_balanced__hog16_hsv_lbp.joblib,outputs/models/selected_classification_model_pool/dataset2_honeybee/linear_svm/d2_linsvm_004__centered48_balanced__hog16_hsv_lbp.joblib,centered48_balanced,48,hog16_hsv_lbp,score_threshold,0.8,4,0.2,1.0,weighted_center,OK,per_model_per_stride_in_memory,34.78743362426758,500,49500,1692,368,3.384,0.736,0.017017364501953125,3.403472900390625e-05,172,196,129,0.4673913043478261,0.5714285714285714,0.5142002989536621,0.392,0.258,250,66,0.264,0.832,0.35001350934624215,154,214,147,0.41847826086956524,0.5116279069767442,0.46038863976083716,0.428,0.294,250,66,0.264,0.832,0.37727671727520434,107,261,194,0.2907608695652174,0.3554817275747508,0.31988041853512705,0.522,0.388,250,66,0.264,0.832,0.43266863481479984,0.017017364501953125,34.80445098876953,0.020020008087158203
phase1_threshold_sweep,dataset2_honeybee,linear_svm,d2_linsvm_004__centered48_balanced__hog16_hsv_lbp.joblib,outputs/models/selected_classification_model_pool/dataset2_honeybee/linear_svm/d2_linsvm_004__centered48_balanced__hog16_hsv_lbp.joblib,centered48_balanced,48,hog16_hsv_lbp,score_threshold,0.9,4,0.2,1.0,weighted_center,OK,per_model_per_stride_in_memory,34.78743362426758,500,49500,1336,313,2.672,0.626,0.0074002742767333984,1.4800548553466798e-05,159,154,142,0.5079872204472844,0.5282392026578073,0.5179153094462541,0.308,0.284,250,52,0.208,0.864,0.35439463248581854,143,170,158,0.45686900958466453,0.4750830564784053,0.46579804560260585,0.34,0.316,250,52,0.208,0.864,0.37958554186317806,102,211,199,0.3258785942492013,0.3388704318936877,0.3322475570032573,0.422,0.398,250,52,0.208,0.864,0.431439589266746,0.0074002742767333984,34.79483389854431,0.013914346694946289
phase1_threshold_sweep,dataset2_honeybee,linear_svm,d2_linsvm_004__centered48_balanced__hog16_hsv_lbp.joblib,outputs/models/selected_classification_model_pool/dataset2_honeybee/linear_svm/d2_linsvm_004__centered48_balanced__hog16_hsv_lbp.joblib,centered48_balanced,48,hog16_hsv_lbp,score_threshold,1.0,4,0.2,1.0,weighted_center,OK,per_model_per_stride_in_memory,34.78743362426758,500,49500,1082,250,2.164,0.5,0.008366823196411133,1.6733646392822267e-05,132,118,169,0.528,0.43853820598006643,0.4791288566243194,0.236,0.338,250,40,0.16,0.9,0.35490496012204115,119,131,182,0.476,0.3953488372093023,0.4319419237749546,0.262,0.364,250,40,0.16,0.9,0.3809222021058613,84,166,217,0.336,0.27906976744186046,0.3049001814882033,0.332,0.434,250,40,0.16,0.9,0.4348641024982425,0.008366823196411133,34.79580044746399,0.008366823196411133
phase1_threshold_sweep,dataset2_honeybee,linear_svm,d2_linsvm_004__centered48_balanced__hog16_hsv_lbp.joblib,outputs/models/selected_classification_model_pool/dataset2_honeybee/linear_svm/d2_linsvm_004__centered48_balanced__hog16_hsv_lbp.joblib,centered48_balanced,48,hog16_hsv_lbp,score_threshold,1.1,4,0.2,1.0,weighted_center,OK,per_model_per_stride_in_memory,34.78743362426758,500,49500,833,191,1.666,0.382,0.012428045272827148,2.4856090545654298e-05,109,82,192,0.5706806282722513,0.36212624584717606,0.44308943089430897,0.164,0.384,250,30,0.12,0.924,0.3591621397286914,96,95,205,0.5026178010471204,0.31893687707641194,0.3902439024390244,0.19,0.41,250,30,0.12,0.924,0.38898622607193195,69,122,232,0.3612565445026178,0.2292358803986711,0.2804878048780488,0.244,0.464,250,30,0.12,0.924,0.439316987857866,0.012428045272827148,34.799861669540405,0.014757394790649414
phase1_threshold_sweep,dataset2_honeybee,linear_svm,d2_linsvm_008__centered48_balanced__hog8_pca_hsv_lbp.joblib,outputs/models/selected_classification_model_pool/dataset2_honeybee/linear_svm/d2_linsvm_008__centered48_balanced__hog8_pca_hsv_lbp.joblib,centered48_balanced,48,hog8_pca_hsv_lbp,score_threshold,0.4,4,0.2,1.0,weighted_center,OK,per_model_per_stride_in_memory,47.21135711669922,500,49500,3614,728,7.228,1.456,0.02288341522216797,4.576683044433594e-05,219,509,82,0.3008241758241758,0.7275747508305648,0.4256559766763848,1.018,0.164,250,197,0.788,0.452,0.3471916845018496,197,531,104,0.2706043956043956,0.654485049833887,0.38289601554907676,1.062,0.208,250,197,0.788,0.452,0.376727663420622,139,589,162,0.19093406593406592,0.46179401993355484,0.2701652089407191,1.178,0.324,250,197,0.788,0.452,0.43095243272821354,0.02288341522216797,47.23424053192139,0.03143715858459473
phase1_threshold_sweep,dataset2_honeybee,linear_svm,d2_linsvm_008__centered48_balanced__hog8_pca_hsv_lbp.joblib,outputs/models/selected_classification_model_pool/dataset2_honeybee/linear_svm/d2_linsvm_008__centered48_balanced__hog8_pca_hsv_lbp.joblib,centered48_balanced,48,hog8_pca_hsv_lbp,score_threshold,0.5,4,0.2,1.0,weighted_center,OK,per_model_per_stride_in_memory,47.21135711669922,500,49500,3003,627,6.006,1.254,0.02263355255126953,4.5267105102539064e-05,210,417,91,0.3349282296650718,0.6976744186046512,0.45258620689655177,0.834,0.182,250,158,0.632,0.544,0.3508677634924644,189,438,112,0.3014354066985646,0.627906976744186,0.4073275862068966,0.876,0.224,250,158,0.632,0.544,0.38095722495228257,136,491,165,0.21690590111642744,0.45182724252491696,0.2931034482758621,0.982,0.33,250,158,0.632,0.544,0.43232340722737406,0.02263355255126953,47.23399066925049,0.026725053787231445
phase1_threshold_sweep,dataset2_honeybee,linear_svm,d2_linsvm_008__centered48_balanced__hog8_pca_hsv_lbp.joblib,outputs/models/selected_classification_model_pool/dataset2_honeybee/linear_svm/d2_linsvm_008__centered48_balanced__hog8_pca_hsv_lbp.joblib,centered48_balanced,48,hog8_pca_hsv_lbp,score_threshold,0.6,4,0.2,1.0,weighted_center,OK,per_model_per_stride_in_memory,47.21135711669922,500,49500,2484,546,4.968,1.092,0.016666889190673828,3.333377838134766e-05,197,349,104,0.3608058608058608,0.654485049833887,0.46517119244391963,0.698,0.208,250,130,0.52,0.64,0.35500086467094083,177,369,124,0.3241758241758242,0.5880398671096345,0.41794569067296344,0.738,0.248,250,130,0.52,0.64,0.38363090862410903,128,418,173,0.23443223443223443,0.42524916943521596,0.3022432113341204,0.836,0.346,250,130,0.52,0.64,0.43259999104979346,0.016666889190673828,47.22802400588989,0.0217740535736084
phase1_threshold_sweep,dataset2_honeybee,linear_svm,d2_linsvm_008__centered48_balanced__hog8_pca_hsv_lbp.joblib,outputs/models/selected_classification_model_pool/dataset2_honeybee/linear_svm/d2_linsvm_008__centered48_balanced__hog8_pca_hsv_lbp.joblib,centered48_balanced,48,hog8_pca_hsv_lbp,score_threshold,0.7,4,0.2,1.0,weighted_center,OK,per_model_per_stride_in_memory,47.21135711669922,500,49500,2056,461,4.112,0.922,0.016399145126342773,3.279829025268555e-05,186,275,115,0.403470715835141,0.6179401993355482,0.4881889763779528,0.55,0.23,250,90,0.36,0.74,0.36252965428191924,168,293,133,0.3644251626898048,0.5581395348837209,0.4409448818897638,0.586,0.266,250,90,0.36,0.74,0.3878821550515231,120,341,181,0.2603036876355748,0.39867109634551495,0.31496062992125984,0.682,0.362,250,90,0.36,0.74,0.4390248155373246,0.016399145126342773,47.22775626182556,0.016742944717407227
phase1_threshold_sweep,dataset2_honeybee,linear_svm,d2_linsvm_008__centered48_balanced__hog8_pca_hsv_lbp.joblib,outputs/models/selected_classification_model_pool/dataset2_honeybee/linear_svm/d2_linsvm_008__centered48_balanced__hog8_pca_hsv_lbp.joblib,centered48_balanced,48,hog8_pca_hsv_lbp,score_threshold,0.8,4,0.2,1.0,weighted_center,OK,per_model_per_stride_in_memory,47.21135711669922,500,49500,1660,386,3.32,0.772,0.016766786575317383,3.353357315063477e-05,165,221,136,0.4274611398963731,0.5481727574750831,0.48034934497816595,0.442,0.272,250,71,0.284,0.804,0.3670872241459983,151,235,150,0.3911917098445596,0.5016611295681063,0.43959243085880645,0.47,0.3,250,71,0.284,0.804,0.3910772755544,108,278,193,0.27979274611398963,0.3588039867109635,0.314410480349345,0.556,0.386,250,71,0.284,0.804,0.44368119124314126,0.016766786575317383,47.228123903274536,0.020362138748168945
phase1_threshold_sweep,dataset2_honeybee,linear_svm,d2_linsvm_008__centered48_balanced__hog8_pca_hsv_lbp.joblib,outputs/models/selected_classification_model_pool/dataset2_honeybee/linear_svm/d2_linsvm_008__centered48_balanced__hog8_pca_hsv_lbp.joblib,centered48_balanced,48,hog8_pca_hsv_lbp,score_threshold,0.9,4,0.2,1.0,weighted_center,OK,per_model_per_stride_in_memory,47.21135711669922,500,49500,1327,326,2.654,0.652,0.012111186981201172,2.4222373962402345e-05,153,173,148,0.46932515337423314,0.5083056478405316,0.48803827751196166,0.346,0.296,250,59,0.236,0.84,0.36605460559766606,138,188,163,0.4233128834355828,0.4584717607973422,0.4401913875598086,0.376,0.326,250,59,0.236,0.84,0.39330945960873054,98,228,203,0.3006134969325153,0.32558139534883723,0.3125996810207337,0.456,0.406,250,59,0.236,0.84,0.4477875640945153,0.012111186981201172,47.22346830368042,0.015157938003540039
phase1_threshold_sweep,dataset2_honeybee,linear_svm,d2_linsvm_008__centered48_balanced__hog8_pca_hsv_lbp.joblib,outputs/models/selected_classification_model_pool/dataset2_honeybee/linear_svm/d2_linsvm_008__centered48_balanced__hog8_pca_hsv_lbp.joblib,centered48_balanced,48,hog8_pca_hsv_lbp,score_threshold,1.0,4,0.2,1.0,weighted_center,OK,per_model_per_stride_in_memory,47.21135711669922,500,49500,1054,265,2.108,0.53,0.009624719619750977,1.9249439239501953e-05,133,132,168,0.5018867924528302,0.4418604651162791,0.469964664310954,0.264,0.336,250,44,0.176,0.88,0.3698313460657197,122,143,179,0.46037735849056605,0.4053156146179402,0.43109540636042404,0.286,0.358,250,44,0.176,0.88,0.39315989825790143,87,178,214,0.3283018867924528,0.28903654485049834,0.30742049469964666,0.356,0.428,250,44,0.176,0.88,0.44642537604422466,0.009624719619750977,47.22098183631897,0.013144493103027344
phase1_threshold_sweep,dataset2_honeybee,linear_svm,d2_linsvm_008__centered48_balanced__hog8_pca_hsv_lbp.joblib,outputs/models/selected_classification_model_pool/dataset2_honeybee/linear_svm/d2_linsvm_008__centered48_balanced__hog8_pca_hsv_lbp.joblib,centered48_balanced,48,hog8_pca_hsv_lbp,score_threshold,1.1,4,0.2,1.0,weighted_center,OK,per_model_per_stride_in_memory,47.21135711669922,500,49500,852,214,1.704,0.428,0.007126808166503906,1.4253616333007812e-05,116,98,185,0.5420560747663551,0.3853820598006645,0.4504854368932039,0.196,0.37,250,30,0.12,0.916,0.3583782109221727,103,111,198,0.48130841121495327,0.34219269102990035,0.4,0.222,0.396,250,30,0.12,0.916,0.387999084022973,73,141,228,0.3411214953271028,0.2425249169435216,0.2834951456310679,0.282,0.456,250,30,0.12,0.916,0.4410189444387718,0.007126808166503906,47.21848392486572,0.007126808166503906
phase1_threshold_sweep,dataset2_honeybee,linear_svm,d2_linsvm_024__centered48_neg4x__hog16_pca_hsv_lbp.joblib,outputs/models/selected_classification_model_pool/dataset2_honeybee/linear_svm/d2_linsvm_024__centered48_neg4x__hog16_pca_hsv_lbp.joblib,centered48_neg4x,48,hog16_pca_hsv_lbp,score_threshold,0.4,4,0.2,1.0,weighted_center,OK,per_model_per_stride_in_memory,35.91278648376465,500,49500,1147,257,2.294,0.514,0.00518488883972168,1.036977767944336e-05,141,116,160,0.5486381322957199,0.4684385382059801,0.5053763440860215,0.232,0.32,250,41,0.164,0.88,0.36871709753183024,128,129,173,0.4980544747081712,0.42524916943521596,0.4587813620071685,0.258,0.346,250,41,0.164,0.88,0.3942935439002288,95,162,206,0.36964980544747084,0.31561461794019935,0.3405017921146954,0.324,0.412,250,41,0.164,0.88,0.44304443954184203,0.00518488883972168,35.91797137260437,0.01394963264465332
phase1_threshold_sweep,dataset2_honeybee,linear_svm,d2_linsvm_024__centered48_neg4x__hog16_pca_hsv_lbp.joblib,outputs/models/selected_classification_model_pool/dataset2_honeybee/linear_svm/d2_linsvm_024__centered48_neg4x__hog16_pca_hsv_lbp.joblib,centered48_neg4x,48,hog16_pca_hsv_lbp,score_threshold,0.5,4,0.2,1.0,weighted_center,OK,per_model_per_stride_in_memory,35.91278648376465,500,49500,921,219,1.842,0.438,0.008369922637939453,1.6739845275878907e-05,126,93,175,0.5753424657534246,0.4186046511627907,0.4846153846153846,0.186,0.35,250,31,0.124,0.908,0.37024359670923396,115,104,186,0.5251141552511416,0.38205980066445183,0.44230769230769235,0.208,0.372,250,31,0.124,0.908,0.39884754781748644,86,133,215,0.3926940639269406,0.2857142857142857,0.33076923076923076,0.266,0.43,250,31,0.124,0.908,0.44769444066764996,0.008369922637939453,35.92115640640259,0.011079788208007812
phase1_threshold_sweep,dataset2_honeybee,linear_svm,d2_linsvm_024__centered48_neg4x__hog16_pca_hsv_lbp.joblib,outputs/models/selected_classification_model_pool/dataset2_honeybee/linear_svm/d2_linsvm_024__centered48_neg4x__hog16_pca_hsv_lbp.joblib,centered48_neg4x,48,hog16_pca_hsv_lbp,score_threshold,0.6,4,0.2,1.0,weighted_center,OK,per_model_per_stride_in_memory,35.91278648376465,500,49500,730,179,1.46,0.358,0.008989095687866211,1.7978191375732423e-05,105,74,196,0.5865921787709497,0.3488372093023256,0.43749999999999994,0.148,0.392,250,23,0.092,0.936,0.37487563120662976,97,82,204,0.5418994413407822,0.3222591362126246,0.4041666666666667,0.164,0.408,250,23,0.092,0.936,0.3927646467324618,69,110,232,0.3854748603351955,0.2292358803986711,0.2875,0.22,0.464,250,23,0.092,0.936,0.45017485248363337,0.008989095687866211,35.921775579452515,0.008989095687866211
phase1_threshold_sweep,dataset2_honeybee,linear_svm,d2_linsvm_024__centered48_neg4x__hog16_pca_hsv_lbp.joblib,outputs/models/selected_classification_model_pool/dataset2_honeybee/linear_svm/d2_linsvm_024__centered48_neg4x__hog16_pca_hsv_lbp.joblib,centered48_neg4x,48,hog16_pca_hsv_lbp,score_threshold,0.7,4,0.2,1.0,weighted_center,OK,per_model_per_stride_in_memory,35.91278648376465,500,49500,574,148,1.148,0.296,0.009530305862426758,1.9060611724853515e-05,90,58,211,0.6081081081081081,0.29900332225913623,0.400890868596882,0.116,0.422,250,18,0.072,0.944,0.3780135869481827,83,65,218,0.5608108108108109,0.2757475083056478,0.36971046770601335,0.13,0.436,250,18,0.072,0.944,0.3977669398525614,61,87,240,0.41216216216216217,0.2026578073089701,0.2717149220489978,0.174,0.48,250,18,0.072,0.944,0.4495583855947673,0.009530305862426758,35.922316789627075,0.01152944564819336
phase1_threshold_sweep,dataset2_honeybee,linear_svm,d2_linsvm_024__centered48_neg4x__hog16_pca_hsv_lbp.joblib,outputs/models/selected_classification_model_pool/dataset2_honeybee/linear_svm/d2_linsvm_024__centered48_neg4x__hog16_pca_hsv_lbp.joblib,centered48_neg4x,48,hog16_pca_hsv_lbp,score_threshold,0.8,4,0.2,1.0,weighted_center,OK,per_model_per_stride_in_memory,35.91278648376465,500,49500,449,122,0.898,0.244,0.0021500587463378906,4.3001174926757816e-06,76,46,225,0.6229508196721312,0.25249169435215946,0.35933806146572106,0.092,0.45,250,14,0.056,0.952,0.367847641776269,71,51,230,0.5819672131147541,0.23588039867109634,0.33569739952718675,0.102,0.46,250,14,0.056,0.952,0.3849035083708916,51,71,250,0.4180327868852459,0.16943521594684385,0.24113475177304963,0.142,0.5,250,14,0.056,0.952,0.4357496599764588,0.0021500587463378906,35.914936542510986,0.008980512619018555
phase1_threshold_sweep,dataset2_honeybee,linear_svm,d2_linsvm_024__centered48_neg4x__hog16_pca_hsv_lbp.joblib,outputs/models/selected_classification_model_pool/dataset2_honeybee/linear_svm/d2_linsvm_024__centered48_neg4x__hog16_pca_hsv_lbp.joblib,centered48_neg4x,48,hog16_pca_hsv_lbp,score_threshold,0.9,4,0.2,1.0,weighted_center,OK,per_model_per_stride_in_memory,35.91278648376465,500,49500,344,92,0.688,0.184,0.0040090084075927734,8.018016815185547e-06,61,31,240,0.6630434782608695,0.2026578073089701,0.3104325699745547,0.062,0.48,250,7,0.028,0.972,0.36385546490866016,54,38,247,0.5869565217391305,0.17940199335548174,0.2748091603053435,0.076,0.494,250,7,0.028,0.972,0.3903768919746106,40,52,261,0.43478260869565216,0.132890365448505,0.2035623409669211,0.104,0.522,250,7,0.028,0.972,0.4364172750575198,0.0040090084075927734,35.91679549217224,0.006633758544921875
phase1_threshold_sweep,dataset2_honeybee,linear_svm,d2_linsvm_024__centered48_neg4x__hog16_pca_hsv_lbp.joblib,outputs/models/selected_classification_model_pool/dataset2_honeybee/linear_svm/d2_linsvm_024__centered48_neg4x__hog16_pca_hsv_lbp.joblib,centered48_neg4x,48,hog16_pca_hsv_lbp,score_threshold,1.0,4,0.2,1.0,weighted_center,OK,per_model_per_stride_in_memory,35.91278648376465,500,49500,258,67,0.516,0.134,0.005398988723754883,1.0797977447509765e-05,40,27,261,0.5970149253731343,0.132890365448505,0.21739130434782614,0.054,0.522,250,6,0.024,0.976,0.35013512755907383,36,31,265,0.5373134328358209,0.11960132890365449,0.19565217391304351,0.062,0.53,250,6,0.024,0.976,0.3708626284163829,26,41,275,0.3880597014925373,0.08637873754152824,0.14130434782608695,0.082,0.55,250,6,0.024,0.976,0.4161506369200223,0.005398988723754883,35.9181854724884,0.007042884826660156
phase1_threshold_sweep,dataset2_honeybee,linear_svm,d2_linsvm_024__centered48_neg4x__hog16_pca_hsv_lbp.joblib,outputs/models/selected_classification_model_pool/dataset2_honeybee/linear_svm/d2_linsvm_024__centered48_neg4x__hog16_pca_hsv_lbp.joblib,centered48_neg4x,48,hog16_pca_hsv_lbp,score_threshold,1.1,4,0.2,1.0,weighted_center,OK,per_model_per_stride_in_memory,35.91278648376465,500,49500,185,55,0.37,0.11,0.0,0.0,36,19,265,0.6545454545454545,0.11960132890365449,0.20224719101123598,0.038,0.53,250,4,0.016,0.984,0.34934756525666966,31,24,270,0.5636363636363636,0.10299003322259136,0.17415730337078653,0.048,0.54,250,4,0.016,0.984,0.3808905115563566,23,32,278,0.41818181818181815,0.07641196013289037,0.12921348314606743,0.064,0.556,250,4,0.016,0.984,0.42388962042261086,0.0,35.91278648376465,0.007050037384033203
