dataset_name,algorithm_name,anchor_model_file_name,anchor_patch_set,anchor_patch_size,anchor_feature_set,stage07_test_f1,param_combo_index,threshold_column,threshold_value,score_threshold,stride_divisor,stride,cluster_iou_threshold,weighted_box_size_factor,image_count,total_window_count,total_candidate_count,total_final_detection_count,mean_candidates_per_image,mean_final_detections_per_image,raw_score_runtime_seconds,evaluation_runtime_seconds,tp_iou_0_1,fp_iou_0_1,fn_iou_0_1,detection_precision_iou_0_1,detection_recall_iou_0_1,detection_f1_iou_0_1,false_positives_per_image_iou_0_1,false_negatives_per_image_iou_0_1,negative_image_count_iou_0_1,negative_total_fp_iou_0_1,negative_fp_per_negative_image_iou_0_1,negative_accuracy_iou_0_1,mean_matched_iou_iou_0_1,tp_iou_0_3,fp_iou_0_3,fn_iou_0_3,detection_precision_iou_0_3,detection_recall_iou_0_3,detection_f1_iou_0_3,false_positives_per_image_iou_0_3,false_negatives_per_image_iou_0_3,negative_image_count_iou_0_3,negative_total_fp_iou_0_3,negative_fp_per_negative_image_iou_0_3,negative_accuracy_iou_0_3,mean_matched_iou_iou_0_3,group_rank
dataset1_varroa,linear_svm,d1_linsvm_011__centered80_balanced__hog16_pca_hsv_lbp.joblib,centered80_balanced,80,hog16_pca_hsv_lbp,0.9320197044334976,9,score_threshold,1.5,1.5,4,20,0.2,1.0,70,58870,468,113,6.685714285714286,1.6142857142857143,484.4869318008423,0.21218323707580566,68,45,22,0.6017699115044248,0.7555555555555555,0.6699507389162561,0.6428571428571429,0.3142857142857143,20,18,0.9,0.4,0.4725980791201559,65,48,25,0.5752212389380531,0.7222222222222222,0.6403940886699507,0.6857142857142857,0.35714285714285715,20,18,0.9,0.4,0.4839022153262785,1
dataset1_varroa,linear_svm,d1_linsvm_011__centered80_balanced__hog16_pca_hsv_lbp.joblib,centered80_balanced,80,hog16_pca_hsv_lbp,0.9320197044334976,21,score_threshold,2.0,2.0,6,13,0.2,1.0,70,141750,516,83,7.371428571428571,1.1857142857142857,1538.8063607215881,0.3114135265350342,55,28,35,0.6626506024096386,0.6111111111111112,0.6358381502890174,0.4,0.5,20,13,0.65,0.5,0.48876810613323096,53,30,37,0.6385542168674698,0.5888888888888889,0.6127167630057804,0.42857142857142855,0.5285714285714286,20,13,0.65,0.5,0.5017581467083927,2
dataset1_varroa,linear_svm,d1_linsvm_011__centered80_balanced__hog16_pca_hsv_lbp.joblib,centered80_balanced,80,hog16_pca_hsv_lbp,0.9320197044334976,10,score_threshold,1.5,1.5,4,20,0.2,1.25,70,58870,468,113,6.685714285714286,1.6142857142857143,484.4869318008423,0.257676362991333,68,45,22,0.6017699115044248,0.7555555555555555,0.6699507389162561,0.6428571428571429,0.3142857142857143,20,18,0.9,0.4,0.4176574878729053,62,51,28,0.5486725663716814,0.6888888888888889,0.6108374384236454,0.7285714285714285,0.4,20,18,0.9,0.4,0.43500053801629324,3
dataset1_varroa,linear_svm,d1_linsvm_011__centered80_balanced__hog16_pca_hsv_lbp.joblib,centered80_balanced,80,hog16_pca_hsv_lbp,0.9320197044334976,23,score_threshold,2.0,2.0,6,13,0.3,1.0,70,141750,516,98,7.371428571428571,1.4,1538.8063607215881,0.3058915138244629,58,40,32,0.5918367346938775,0.6444444444444445,0.6170212765957447,0.5714285714285714,0.45714285714285713,20,13,0.65,0.5,0.49125701950237366,57,41,33,0.5816326530612245,0.6333333333333333,0.6063829787234043,0.5857142857142857,0.4714285714285714,20,13,0.65,0.5,0.49931263315337304,4
dataset1_varroa,linear_svm,d1_linsvm_011__centered80_balanced__hog16_pca_hsv_lbp.joblib,centered80_balanced,80,hog16_pca_hsv_lbp,0.9320197044334976,13,score_threshold,1.5,1.5,6,13,0.2,1.0,70,141750,1064,131,15.2,1.8714285714285714,1538.8063607215881,0.4246251583099365,70,61,20,0.5343511450381679,0.7777777777777778,0.6334841628959276,0.8714285714285714,0.2857142857142857,20,25,1.25,0.3,0.4803975590702917,67,64,23,0.5114503816793893,0.7444444444444445,0.6063348416289592,0.9142857142857143,0.32857142857142857,20,25,1.25,0.3,0.4933021406615878,5
dataset1_varroa,linear_svm,d1_linsvm_011__centered80_balanced__hog16_pca_hsv_lbp.joblib,centered80_balanced,80,hog16_pca_hsv_lbp,0.9320197044334976,11,score_threshold,1.5,1.5,4,20,0.3,1.0,70,58870,468,136,6.685714285714286,1.9428571428571428,484.4869318008423,0.22931385040283203,70,66,20,0.5147058823529411,0.7777777777777778,0.6194690265486725,0.9428571428571428,0.2857142857142857,20,20,1.0,0.4,0.48418301563973315,68,68,22,0.5,0.7555555555555555,0.6017699115044248,0.9714285714285714,0.3142857142857143,20,20,1.0,0.4,0.493029078901818,6
dataset1_varroa,linear_svm,d1_linsvm_011__centered80_balanced__hog16_pca_hsv_lbp.joblib,centered80_balanced,80,hog16_pca_hsv_lbp,0.9320197044334976,24,score_threshold,2.0,2.0,6,13,0.3,1.25,70,141750,516,98,7.371428571428571,1.4,1538.8063607215881,0.3505406379699707,59,39,31,0.6020408163265306,0.6555555555555556,0.6276595744680851,0.5571428571428572,0.44285714285714284,20,13,0.65,0.5,0.432615192786476,56,42,34,0.5714285714285714,0.6222222222222222,0.5957446808510638,0.6,0.4857142857142857,20,13,0.65,0.5,0.4450541024447264,7
dataset1_varroa,linear_svm,d1_linsvm_011__centered80_balanced__hog16_pca_hsv_lbp.joblib,centered80_balanced,80,hog16_pca_hsv_lbp,0.9320197044334976,22,score_threshold,2.0,2.0,6,13,0.2,1.25,70,141750,516,83,7.371428571428571,1.1857142857142857,1538.8063607215881,0.3302958011627197,56,27,34,0.6746987951807228,0.6222222222222222,0.6473988439306358,0.38571428571428573,0.4857142857142857,20,13,0.65,0.5,0.42317617203001695,51,32,39,0.6144578313253012,0.5666666666666667,0.5895953757225434,0.45714285714285713,0.5571428571428572,20,13,0.65,0.5,0.4475653094008436,8
dataset1_varroa,linear_svm,d1_linsvm_011__centered80_balanced__hog16_pca_hsv_lbp.joblib,centered80_balanced,80,hog16_pca_hsv_lbp,0.9320197044334976,12,score_threshold,1.5,1.5,4,20,0.3,1.25,70,58870,468,136,6.685714285714286,1.9428571428571428,484.4869318008423,0.25620150566101074,70,66,20,0.5147058823529411,0.7777777777777778,0.6194690265486725,0.9428571428571428,0.2857142857142857,20,20,1.0,0.4,0.41828658917076883,64,72,26,0.47058823529411764,0.7111111111111111,0.5663716814159292,1.0285714285714285,0.37142857142857144,20,20,1.0,0.4,0.43711944610128034,9
dataset1_varroa,linear_svm,d1_linsvm_011__centered80_balanced__hog16_pca_hsv_lbp.joblib,centered80_balanced,80,hog16_pca_hsv_lbp,0.9320197044334976,14,score_threshold,1.5,1.5,6,13,0.2,1.25,70,141750,1064,131,15.2,1.8714285714285714,1538.8063607215881,0.423356294631958,71,60,19,0.5419847328244275,0.7888888888888889,0.6425339366515838,0.8571428571428571,0.2714285714285714,20,25,1.25,0.3,0.415223257226237,61,70,29,0.46564885496183206,0.6777777777777778,0.5520361990950227,1.0,0.4142857142857143,20,25,1.25,0.3,0.44753576340182566,10
dataset1_varroa,linear_svm,d1_linsvm_011__centered80_balanced__hog16_pca_hsv_lbp.joblib,centered80_balanced,80,hog16_pca_hsv_lbp,0.9320197044334976,15,score_threshold,1.5,1.5,6,13,0.3,1.0,70,141750,1064,176,15.2,2.5142857142857142,1538.8063607215881,0.44475746154785156,72,104,18,0.4090909090909091,0.8,0.5413533834586466,1.4857142857142858,0.2571428571428571,20,29,1.45,0.3,0.48928130895843747,71,105,19,0.4034090909090909,0.7888888888888889,0.5338345864661654,1.5,0.2714285714285714,20,29,1.45,0.3,0.4953484413635364,11
dataset1_varroa,linear_svm,d1_linsvm_011__centered80_balanced__hog16_pca_hsv_lbp.joblib,centered80_balanced,80,hog16_pca_hsv_lbp,0.9320197044334976,19,score_threshold,2.0,2.0,4,20,0.3,1.0,70,58870,222,75,3.1714285714285713,1.0714285714285714,484.4869318008423,0.18671178817749023,46,29,44,0.6133333333333333,0.5111111111111111,0.5575757575757576,0.4142857142857143,0.6285714285714286,20,13,0.65,0.4,0.4726872067211413,44,31,46,0.5866666666666667,0.4888888888888889,0.5333333333333333,0.44285714285714284,0.6571428571428571,20,13,0.65,0.4,0.48841381754647484,12
dataset1_varroa,linear_svm,d1_linsvm_011__centered80_balanced__hog16_pca_hsv_lbp.joblib,centered80_balanced,80,hog16_pca_hsv_lbp,0.9320197044334976,1,score_threshold,1.0,1.0,4,20,0.2,1.0,70,58870,906,202,12.942857142857143,2.8857142857142857,484.4869318008423,0.26267576217651367,82,120,8,0.40594059405940597,0.9111111111111111,0.5616438356164384,1.7142857142857142,0.11428571428571428,20,40,2.0,0.3,0.4686972371414722,77,125,13,0.3811881188118812,0.8555555555555555,0.5273972602739726,1.7857142857142858,0.18571428571428572,20,40,2.0,0.3,0.4873349549365699,13
dataset1_varroa,linear_svm,d1_linsvm_011__centered80_balanced__hog16_pca_hsv_lbp.joblib,centered80_balanced,80,hog16_pca_hsv_lbp,0.9320197044334976,17,score_threshold,2.0,2.0,4,20,0.2,1.0,70,58870,222,66,3.1714285714285713,0.9428571428571428,484.4869318008423,0.18797898292541504,43,23,47,0.6515151515151515,0.4777777777777778,0.5512820512820513,0.32857142857142857,0.6714285714285714,20,13,0.65,0.4,0.4757038973626672,41,25,49,0.6212121212121212,0.45555555555555555,0.5256410256410257,0.35714285714285715,0.7,20,13,0.65,0.4,0.4887857440763141,14
dataset1_varroa,linear_svm,d1_linsvm_011__centered80_balanced__hog16_pca_hsv_lbp.joblib,centered80_balanced,80,hog16_pca_hsv_lbp,0.9320197044334976,20,score_threshold,2.0,2.0,4,20,0.3,1.25,70,58870,222,75,3.1714285714285713,1.0714285714285714,484.4869318008423,0.18712615966796875,47,28,43,0.6266666666666667,0.5222222222222223,0.5696969696969697,0.4,0.6142857142857143,20,13,0.65,0.4,0.41372617431795916,43,32,47,0.5733333333333334,0.4777777777777778,0.5212121212121212,0.45714285714285713,0.6714285714285714,20,13,0.65,0.4,0.43480067285948093,15
dataset1_varroa,linear_svm,d1_linsvm_011__centered80_balanced__hog16_pca_hsv_lbp.joblib,centered80_balanced,80,hog16_pca_hsv_lbp,0.9320197044334976,18,score_threshold,2.0,2.0,4,20,0.2,1.25,70,58870,222,66,3.1714285714285713,0.9428571428571428,484.4869318008423,0.22133684158325195,44,22,46,0.6666666666666666,0.4888888888888889,0.5641025641025641,0.3142857142857143,0.6571428571428571,20,13,0.65,0.4,0.41533100578078846,40,26,50,0.6060606060606061,0.4444444444444444,0.5128205128205128,0.37142857142857144,0.7142857142857143,20,13,0.65,0.4,0.4360045677261001,16
dataset1_varroa,linear_svm,d1_linsvm_011__centered80_balanced__hog16_pca_hsv_lbp.joblib,centered80_balanced,80,hog16_pca_hsv_lbp,0.9320197044334976,16,score_threshold,1.5,1.5,6,13,0.3,1.25,70,141750,1064,176,15.2,2.5142857142857142,1538.8063607215881,0.3890502452850342,73,103,17,0.4147727272727273,0.8111111111111111,0.5488721804511278,1.4714285714285715,0.24285714285714285,20,29,1.45,0.3,0.42478729779703495,66,110,24,0.375,0.7333333333333333,0.49624060150375937,1.5714285714285714,0.34285714285714286,20,29,1.45,0.3,0.445309019624958,17
dataset1_varroa,linear_svm,d1_linsvm_011__centered80_balanced__hog16_pca_hsv_lbp.joblib,centered80_balanced,80,hog16_pca_hsv_lbp,0.9320197044334976,2,score_threshold,1.0,1.0,4,20,0.2,1.25,70,58870,906,202,12.942857142857143,2.8857142857142857,484.4869318008423,0.2636396884918213,82,120,8,0.40594059405940597,0.9111111111111111,0.5616438356164384,1.7142857142857142,0.11428571428571428,20,40,2.0,0.3,0.40871204424179186,72,130,18,0.3564356435643564,0.8,0.4931506849315068,1.8571428571428572,0.2571428571428571,20,40,2.0,0.3,0.43775611040376805,18
dataset1_varroa,linear_svm,d1_linsvm_011__centered80_balanced__hog16_pca_hsv_lbp.joblib,centered80_balanced,80,hog16_pca_hsv_lbp,0.9320197044334976,5,score_threshold,1.0,1.0,6,13,0.2,1.0,70,141750,2148,242,30.685714285714287,3.4571428571428573,1538.8063607215881,0.5136227607727051,84,158,6,0.34710743801652894,0.9333333333333333,0.5060240963855421,2.257142857142857,0.08571428571428572,20,48,2.4,0.2,0.47487448217356776,78,164,12,0.32231404958677684,0.8666666666666667,0.46987951807228917,2.342857142857143,0.17142857142857143,20,48,2.4,0.2,0.496520837148712,19
dataset1_varroa,linear_svm,d1_linsvm_011__centered80_balanced__hog16_pca_hsv_lbp.joblib,centered80_balanced,80,hog16_pca_hsv_lbp,0.9320197044334976,3,score_threshold,1.0,1.0,4,20,0.3,1.0,70,58870,906,251,12.942857142857143,3.585714285714286,484.4869318008423,0.26204395294189453,83,168,7,0.33067729083665337,0.9222222222222223,0.4868035190615836,2.4,0.1,20,44,2.2,0.3,0.4804932581733921,79,172,11,0.3147410358565737,0.8777777777777778,0.4633431085043988,2.4571428571428573,0.15714285714285714,20,44,2.2,0.3,0.49655231742871997,20
dataset1_varroa,linear_svm,d1_linsvm_011__centered80_balanced__hog16_pca_hsv_lbp.joblib,centered80_balanced,80,hog16_pca_hsv_lbp,0.9320197044334976,6,score_threshold,1.0,1.0,6,13,0.2,1.25,70,141750,2148,242,30.685714285714287,3.4571428571428573,1538.8063607215881,0.5004806518554688,83,159,7,0.34297520661157027,0.9222222222222223,0.5,2.2714285714285714,0.1,20,48,2.4,0.2,0.4178228543194801,74,168,16,0.30578512396694213,0.8222222222222222,0.4457831325301205,2.4,0.22857142857142856,20,48,2.4,0.2,0.44212502538714876,21
dataset1_varroa,linear_svm,d1_linsvm_011__centered80_balanced__hog16_pca_hsv_lbp.joblib,centered80_balanced,80,hog16_pca_hsv_lbp,0.9320197044334976,4,score_threshold,1.0,1.0,4,20,0.3,1.25,70,58870,906,251,12.942857142857143,3.585714285714286,484.4869318008423,0.21484923362731934,84,167,6,0.3346613545816733,0.9333333333333333,0.49266862170087977,2.3857142857142857,0.08571428571428572,20,44,2.2,0.3,0.4136593897147226,75,176,15,0.29880478087649404,0.8333333333333334,0.4398826979472141,2.5142857142857142,0.21428571428571427,20,44,2.2,0.3,0.4408889449067672,22
dataset1_varroa,linear_svm,d1_linsvm_011__centered80_balanced__hog16_pca_hsv_lbp.joblib,centered80_balanced,80,hog16_pca_hsv_lbp,0.9320197044334976,7,score_threshold,1.0,1.0,6,13,0.3,1.0,70,141750,2148,345,30.685714285714287,4.928571428571429,1538.8063607215881,0.5317182540893555,85,260,5,0.2463768115942029,0.9444444444444444,0.39080459770114945,3.7142857142857144,0.07142857142857142,20,67,3.35,0.2,0.48767509966210304,82,263,8,0.23768115942028986,0.9111111111111111,0.37701149425287356,3.757142857142857,0.11428571428571428,20,67,3.35,0.2,0.50096414637221,23
dataset1_varroa,linear_svm,d1_linsvm_011__centered80_balanced__hog16_pca_hsv_lbp.joblib,centered80_balanced,80,hog16_pca_hsv_lbp,0.9320197044334976,8,score_threshold,1.0,1.0,6,13,0.3,1.25,70,141750,2148,345,30.685714285714287,4.928571428571429,1538.8063607215881,0.5735526084899902,85,260,5,0.2463768115942029,0.9444444444444444,0.39080459770114945,3.7142857142857144,0.07142857142857142,20,67,3.35,0.2,0.42117601983733693,77,268,13,0.22318840579710145,0.8555555555555555,0.35402298850574715,3.8285714285714287,0.18571428571428572,20,67,3.35,0.2,0.44436811776691176,24
dataset1_varroa,random_forest,d1_rf_003__centered80_balanced__hog16_hsv_lbp.joblib,centered80_balanced,80,hog16_hsv_lbp,0.922816519972918,81,predict_proba_score_threshold,0.6,0.6,4,20,0.2,1.0,70,58870,2567,473,36.67142857142857,6.757142857142857,341.29131388664246,0.786020040512085,86,387,4,0.18181818181818182,0.9555555555555556,0.30550621669627,5.5285714285714285,0.05714285714285714,20,98,4.9,0.05,0.4117515276003152,75,398,15,0.15856236786469344,0.8333333333333334,0.2664298401420959,5.685714285714286,0.21428571428571427,20,98,4.9,0.05,0.4696340055755967,1
dataset1_varroa,random_forest,d1_rf_003__centered80_balanced__hog16_hsv_lbp.joblib,centered80_balanced,80,hog16_hsv_lbp,0.922816519972918,82,predict_proba_score_threshold,0.6,0.6,4,20,0.2,1.25,70,58870,2567,473,36.67142857142857,6.757142857142857,341.29131388664246,0.8481020927429199,86,387,4,0.18181818181818182,0.9555555555555556,0.30550621669627,5.5285714285714285,0.05714285714285714,20,98,4.9,0.05,0.3644239367495508,73,400,17,0.1543340380549683,0.8111111111111111,0.25932504440497334,5.714285714285714,0.24285714285714285,20,98,4.9,0.05,0.41674273069057366,2
dataset1_varroa,random_forest,d1_rf_003__centered80_balanced__hog16_hsv_lbp.joblib,centered80_balanced,80,hog16_hsv_lbp,0.922816519972918,85,predict_proba_score_threshold,0.6,0.6,6,13,0.2,1.0,70,141750,6139,576,87.7,8.228571428571428,896.0474514961243,1.8343920707702637,86,490,4,0.14930555555555555,0.9555555555555556,0.25825825825825827,7.0,0.05714285714285714,20,124,6.2,0.05,0.4028381880861149,80,496,10,0.1388888888888889,0.8888888888888888,0.24024024024024024,7.085714285714285,0.14285714285714285,20,124,6.2,0.05,0.4642286863231641,3
dataset1_varroa,random_forest,d1_rf_003__centered80_balanced__hog16_hsv_lbp.joblib,centered80_balanced,80,hog16_hsv_lbp,0.922816519972918,83,predict_proba_score_threshold,0.6,0.6,4,20,0.3,1.0,70,58870,2567,642,36.67142857142857,9.17142857142857,341.29131388664246,0.9118125438690186,86,556,4,0.13395638629283488,0.9555555555555556,0.23497267759562843,7.942857142857143,0.05714285714285714,20,124,6.2,0.05,0.41096042724355,80,562,10,0.12461059190031153,0.8888888888888888,0.2185792349726776,8.028571428571428,0.14285714285714285,20,124,6.2,0.05,0.46253536064750483,4
dataset1_varroa,random_forest,d1_rf_003__centered80_balanced__hog16_hsv_lbp.joblib,centered80_balanced,80,hog16_hsv_lbp,0.922816519972918,86,predict_proba_score_threshold,0.6,0.6,6,13,0.2,1.25,70,141750,6139,576,87.7,8.228571428571428,896.0474514961243,1.7996199131011963,86,490,4,0.14930555555555555,0.9555555555555556,0.25825825825825827,7.0,0.05714285714285714,20,124,6.2,0.05,0.36094825332864927,71,505,19,0.1232638888888889,0.7888888888888889,0.2132132132132132,7.214285714285714,0.2714285714285714,20,124,6.2,0.05,0.4300146704176445,5
dataset1_varroa,random_forest,d1_rf_003__centered80_balanced__hog16_hsv_lbp.joblib,centered80_balanced,80,hog16_hsv_lbp,0.922816519972918,84,predict_proba_score_threshold,0.6,0.6,4,20,0.3,1.25,70,58870,2567,642,36.67142857142857,9.17142857142857,341.29131388664246,0.9362335205078125,86,556,4,0.13395638629283488,0.9555555555555556,0.23497267759562843,7.942857142857143,0.05714285714285714,20,124,6.2,0.05,0.35718973491140366,76,566,14,0.11838006230529595,0.8444444444444444,0.20765027322404372,8.085714285714285,0.2,20,124,6.2,0.05,0.4217205085060016,6
dataset1_varroa,random_forest,d1_rf_003__centered80_balanced__hog16_hsv_lbp.joblib,centered80_balanced,80,hog16_hsv_lbp,0.922816519972918,73,predict_proba_score_threshold,0.5,0.5,4,20,0.2,1.0,70,58870,4093,711,58.47142857142857,10.157142857142857,341.29131388664246,1.0969488620758057,87,624,3,0.12236286919831224,0.9666666666666667,0.21722846441947566,8.914285714285715,0.04285714285714286,20,163,8.15,0.0,0.41311491293613717,78,633,12,0.10970464135021098,0.8666666666666667,0.1947565543071161,9.042857142857143,0.17142857142857143,20,163,8.15,0.0,0.4724602349670958,7
dataset1_varroa,random_forest,d1_rf_003__centered80_balanced__hog16_hsv_lbp.joblib,centered80_balanced,80,hog16_hsv_lbp,0.922816519972918,74,predict_proba_score_threshold,0.5,0.5,4,20,0.2,1.25,70,58870,4093,711,58.47142857142857,10.157142857142857,341.29131388664246,0.9939119815826416,87,624,3,0.12236286919831224,0.9666666666666667,0.21722846441947566,8.914285714285715,0.04285714285714286,20,163,8.15,0.0,0.36076491582015535,76,635,14,0.10689170182841069,0.8444444444444444,0.18976279650436953,9.071428571428571,0.2,20,163,8.15,0.0,0.41643109237026926,8
dataset1_varroa,random_forest,d1_rf_003__centered80_balanced__hog16_hsv_lbp.joblib,centered80_balanced,80,hog16_hsv_lbp,0.922816519972918,77,predict_proba_score_threshold,0.5,0.5,6,13,0.2,1.0,70,141750,9911,845,141.5857142857143,12.071428571428571,896.0474514961243,2.271684169769287,87,758,3,0.10295857988165681,0.9666666666666667,0.18609625668449198,10.82857142857143,0.04285714285714286,20,192,9.6,0.0,0.4093117582031074,81,764,9,0.09585798816568047,0.9,0.17326203208556148,10.914285714285715,0.12857142857142856,20,192,9.6,0.0,0.4715055144336478,9
dataset1_varroa,random_forest,d1_rf_003__centered80_balanced__hog16_hsv_lbp.joblib,centered80_balanced,80,hog16_hsv_lbp,0.922816519972918,87,predict_proba_score_threshold,0.6,0.6,6,13,0.3,1.0,70,141750,6139,859,87.7,12.271428571428572,896.0474514961243,1.9716601371765137,86,773,4,0.10011641443538999,0.9555555555555556,0.18124341412012646,11.042857142857143,0.05714285714285714,20,177,8.85,0.05,0.409168222568141,82,777,8,0.09545983701979045,0.9111111111111111,0.17281348788198103,11.1,0.11428571428571428,20,177,8.85,0.05,0.46797097016548417,10
dataset1_varroa,random_forest,d1_rf_003__centered80_balanced__hog16_hsv_lbp.joblib,centered80_balanced,80,hog16_hsv_lbp,0.922816519972918,88,predict_proba_score_threshold,0.6,0.6,6,13,0.3,1.25,70,141750,6139,859,87.7,12.271428571428572,896.0474514961243,1.8408629894256592,86,773,4,0.10011641443538999,0.9555555555555556,0.18124341412012646,11.042857142857143,0.05714285714285714,20,177,8.85,0.05,0.3493957539061361,77,782,13,0.08963911525029103,0.8555555555555555,0.16227608008429925,11.17142857142857,0.18571428571428572,20,177,8.85,0.05,0.4245727195282256,11
dataset1_varroa,random_forest,d1_rf_003__centered80_balanced__hog16_hsv_lbp.joblib,centered80_balanced,80,hog16_hsv_lbp,0.922816519972918,75,predict_proba_score_threshold,0.5,0.5,4,20,0.3,1.0,70,58870,4093,966,58.47142857142857,13.8,341.29131388664246,1.1550498008728027,87,879,3,0.09006211180124224,0.9666666666666667,0.16477272727272727,12.557142857142857,0.04285714285714286,20,209,10.45,0.0,0.41005047722992755,84,882,6,0.08695652173913043,0.9333333333333333,0.1590909090909091,12.6,0.08571428571428572,20,209,10.45,0.0,0.4685549050209127,12
dataset1_varroa,random_forest,d1_rf_003__centered80_balanced__hog16_hsv_lbp.joblib,centered80_balanced,80,hog16_hsv_lbp,0.922816519972918,78,predict_proba_score_threshold,0.5,0.5,6,13,0.2,1.25,70,141750,9911,845,141.5857142857143,12.071428571428571,896.0474514961243,2.546389102935791,87,758,3,0.10295857988165681,0.9666666666666667,0.18609625668449198,10.82857142857143,0.04285714285714286,20,192,9.6,0.0,0.3580478178398489,74,771,16,0.08757396449704143,0.8222222222222222,0.15828877005347594,11.014285714285714,0.22857142857142856,20,192,9.6,0.0,0.42964777321284087,13
dataset1_varroa,random_forest,d1_rf_003__centered80_balanced__hog16_hsv_lbp.joblib,centered80_balanced,80,hog16_hsv_lbp,0.922816519972918,76,predict_proba_score_threshold,0.5,0.5,4,20,0.3,1.25,70,58870,4093,966,58.47142857142857,13.8,341.29131388664246,1.1714844703674316,87,879,3,0.09006211180124224,0.9666666666666667,0.16477272727272727,12.557142857142857,0.04285714285714286,20,209,10.45,0.0,0.35932497124343543,79,887,11,0.08178053830227744,0.8777777777777778,0.14962121212121213,12.67142857142857,0.15714285714285714,20,209,10.45,0.0,0.42126481353860196,14
dataset1_varroa,random_forest,d1_rf_003__centered80_balanced__hog16_hsv_lbp.joblib,centered80_balanced,80,hog16_hsv_lbp,0.922816519972918,65,predict_proba_score_threshold,0.4,0.4,4,20,0.2,1.0,70,58870,6766,1123,96.65714285714286,16.042857142857144,341.29131388664246,1.5813302993774414,89,1034,1,0.0792520035618878,0.9888888888888889,0.14674361088211046,14.771428571428572,0.014285714285714285,20,262,13.1,0.0,0.4193826753468355,81,1042,9,0.07212822796081923,0.9,0.13355317394888705,14.885714285714286,0.12857142857142856,20,262,13.1,0.0,0.48240039024006637,15
dataset1_varroa,random_forest,d1_rf_003__centered80_balanced__hog16_hsv_lbp.joblib,centered80_balanced,80,hog16_hsv_lbp,0.922816519972918,66,predict_proba_score_threshold,0.4,0.4,4,20,0.2,1.25,70,58870,6766,1123,96.65714285714286,16.042857142857144,341.29131388664246,1.7700140476226807,89,1034,1,0.0792520035618878,0.9888888888888889,0.14674361088211046,14.771428571428572,0.014285714285714285,20,262,13.1,0.0,0.3623842376474146,80,1043,10,0.07123775601068566,0.8888888888888888,0.13190436933223412,14.9,0.14285714285714285,20,262,13.1,0.0,0.41784890701211613,16
dataset1_varroa,random_forest,d1_rf_003__centered80_balanced__hog16_hsv_lbp.joblib,centered80_balanced,80,hog16_hsv_lbp,0.922816519972918,79,predict_proba_score_threshold,0.5,0.5,6,13,0.3,1.0,70,141750,9911,1345,141.5857142857143,19.214285714285715,896.0474514961243,2.6259076595306396,87,1258,3,0.06468401486988848,0.9666666666666667,0.12125435540069686,17.97142857142857,0.04285714285714286,20,289,14.45,0.0,0.411103083427147,84,1261,6,0.06245353159851301,0.9333333333333333,0.11707317073170732,18.014285714285716,0.08571428571428572,20,289,14.45,0.0,0.4705777106778963,17
dataset1_varroa,random_forest,d1_rf_003__centered80_balanced__hog16_hsv_lbp.joblib,centered80_balanced,80,hog16_hsv_lbp,0.922816519972918,69,predict_proba_score_threshold,0.4,0.4,6,13,0.2,1.0,70,141750,16442,1359,234.88571428571427,19.414285714285715,896.0474514961243,3.941397190093994,89,1270,1,0.06548933038999265,0.9888888888888889,0.12284334023464458,18.142857142857142,0.014285714285714285,20,327,16.35,0.0,0.41638637267103823,84,1275,6,0.06181015452538632,0.9333333333333333,0.11594202898550725,18.214285714285715,0.08571428571428572,20,327,16.35,0.0,0.4760268844715644,18
dataset1_varroa,random_forest,d1_rf_003__centered80_balanced__hog16_hsv_lbp.joblib,centered80_balanced,80,hog16_hsv_lbp,0.922816519972918,80,predict_proba_score_threshold,0.5,0.5,6,13,0.3,1.25,70,141750,9911,1345,141.5857142857143,19.214285714285715,896.0474514961243,2.4020376205444336,87,1258,3,0.06468401486988848,0.9666666666666667,0.12125435540069686,17.97142857142857,0.04285714285714286,20,289,14.45,0.0,0.3517360012478131,78,1267,12,0.05799256505576208,0.8666666666666667,0.10871080139372823,18.1,0.17142857142857143,20,289,14.45,0.0,0.42659992437563776,19
dataset1_varroa,random_forest,d1_rf_003__centered80_balanced__hog16_hsv_lbp.joblib,centered80_balanced,80,hog16_hsv_lbp,0.922816519972918,67,predict_proba_score_threshold,0.4,0.4,4,20,0.3,1.0,70,58870,6766,1541,96.65714285714286,22.014285714285716,341.29131388664246,1.751903772354126,89,1452,1,0.057754704737183644,0.9888888888888889,0.10913549969343961,20.742857142857144,0.014285714285714285,20,348,17.4,0.0,0.41476880993512655,86,1455,4,0.055807916937053864,0.9555555555555556,0.10545677498467199,20.785714285714285,0.05714285714285714,20,348,17.4,0.0,0.47613028069944713,20
dataset1_varroa,random_forest,d1_rf_003__centered80_balanced__hog16_hsv_lbp.joblib,centered80_balanced,80,hog16_hsv_lbp,0.922816519972918,70,predict_proba_score_threshold,0.4,0.4,6,13,0.2,1.25,70,141750,16442,1359,234.88571428571427,19.414285714285715,896.0474514961243,3.8117804527282715,89,1270,1,0.06548933038999265,0.9888888888888889,0.12284334023464458,18.142857142857142,0.014285714285714285,20,327,16.35,0.0,0.35916628892888947,76,1283,14,0.05592347314201619,0.8444444444444444,0.1048999309868875,18.32857142857143,0.2,20,327,16.35,0.0,0.4321348182057503,21
dataset1_varroa,random_forest,d1_rf_003__centered80_balanced__hog16_hsv_lbp.joblib,centered80_balanced,80,hog16_hsv_lbp,0.922816519972918,68,predict_proba_score_threshold,0.4,0.4,4,20,0.3,1.25,70,58870,6766,1541,96.65714285714286,22.014285714285716,341.29131388664246,1.787031888961792,89,1452,1,0.057754704737183644,0.9888888888888889,0.10913549969343961,20.742857142857144,0.014285714285714285,20,348,17.4,0.0,0.360629855307376,81,1460,9,0.05256327060350422,0.9,0.09932556713672594,20.857142857142858,0.12857142857142856,20,348,17.4,0.0,0.4216926793199757,22
dataset1_varroa,random_forest,d1_rf_003__centered80_balanced__hog16_hsv_lbp.joblib,centered80_balanced,80,hog16_hsv_lbp,0.922816519972918,57,predict_proba_score_threshold,0.3,0.3,4,20,0.2,1.0,70,58870,13292,1972,189.88571428571427,28.17142857142857,341.29131388664246,3.1548757553100586,90,1882,0,0.04563894523326572,1.0,0.08729388942774007,26.885714285714286,0.0,20,515,25.75,0.0,0.41571975668647365,82,1890,8,0.04158215010141988,0.9111111111111111,0.07953443258971872,27.0,0.11428571428571428,20,515,25.75,0.0,0.47948008355046123,23
dataset1_varroa,random_forest,d1_rf_003__centered80_balanced__hog16_hsv_lbp.joblib,centered80_balanced,80,hog16_hsv_lbp,0.922816519972918,71,predict_proba_score_threshold,0.4,0.4,6,13,0.3,1.0,70,141750,16442,2148,234.88571428571427,30.685714285714287,896.0474514961243,4.288472652435303,89,2059,1,0.04143389199255121,0.9888888888888889,0.07953529937444147,29.414285714285715,0.014285714285714285,20,494,24.7,0.0,0.4166566073231606,88,2060,2,0.040968342644320296,0.9777777777777777,0.07864164432529044,29.428571428571427,0.02857142857142857,20,494,24.7,0.0,0.4771093116293882,24
dataset1_varroa,random_forest,d1_rf_003__centered80_balanced__hog16_hsv_lbp.joblib,centered80_balanced,80,hog16_hsv_lbp,0.922816519972918,58,predict_proba_score_threshold,0.3,0.3,4,20,0.2,1.25,70,58870,13292,1972,189.88571428571427,28.17142857142857,341.29131388664246,3.2688958644866943,90,1882,0,0.04563894523326572,1.0,0.08729388942774007,26.885714285714286,0.0,20,515,25.75,0.0,0.3574596321363723,76,1896,14,0.038539553752535496,0.8444444444444444,0.07371483996120272,27.085714285714285,0.2,20,515,25.75,0.0,0.4236299834214592,25
dataset1_varroa,random_forest,d1_rf_003__centered80_balanced__hog16_hsv_lbp.joblib,centered80_balanced,80,hog16_hsv_lbp,0.922816519972918,72,predict_proba_score_threshold,0.4,0.4,6,13,0.3,1.25,70,141750,16442,2148,234.88571428571427,30.685714285714287,896.0474514961243,4.121266603469849,89,2059,1,0.04143389199255121,0.9888888888888889,0.07953529937444147,29.414285714285715,0.014285714285714285,20,494,24.7,0.0,0.35058072049295397,81,2067,9,0.03770949720670391,0.9,0.07238605898123325,29.52857142857143,0.12857142857142856,20,494,24.7,0.0,0.42582087539562796,26
dataset1_varroa,random_forest,d1_rf_003__centered80_balanced__hog16_hsv_lbp.joblib,centered80_balanced,80,hog16_hsv_lbp,0.922816519972918,61,predict_proba_score_threshold,0.3,0.3,6,13,0.2,1.0,70,141750,29836,2244,426.22857142857146,32.05714285714286,896.0474514961243,7.101660490036011,90,2154,0,0.040106951871657755,1.0,0.07712082262210797,30.771428571428572,0.0,20,600,30.0,0.0,0.42257856751709155,84,2160,6,0.0374331550802139,0.9333333333333333,0.07197943444730077,30.857142857142858,0.08571428571428572,20,600,30.0,0.0,0.4760562054714283,27
dataset1_varroa,random_forest,d1_rf_003__centered80_balanced__hog16_hsv_lbp.joblib,centered80_balanced,80,hog16_hsv_lbp,0.922816519972918,62,predict_proba_score_threshold,0.3,0.3,6,13,0.2,1.25,70,141750,29836,2244,426.22857142857146,32.05714285714286,896.0474514961243,6.598024129867554,90,2154,0,0.040106951871657755,1.0,0.07712082262210797,30.771428571428572,0.0,20,600,30.0,0.0,0.35430286903172126,77,2167,13,0.03431372549019608,0.8555555555555555,0.06598114824335904,30.957142857142856,0.18571428571428572,20,600,30.0,0.0,0.4310115035110981,28
dataset1_varroa,random_forest,d1_rf_003__centered80_balanced__hog16_hsv_lbp.joblib,centered80_balanced,80,hog16_hsv_lbp,0.922816519972918,59,predict_proba_score_threshold,0.3,0.3,4,20,0.3,1.0,70,58870,13292,2833,189.88571428571427,40.47142857142857,341.29131388664246,3.7512636184692383,90,2743,0,0.03176844334627603,1.0,0.06158056790968183,39.18571428571428,0.0,20,717,35.85,0.0,0.41461087426470566,87,2746,3,0.030709495234733496,0.9666666666666667,0.05952788231269244,39.22857142857143,0.04285714285714286,20,717,35.85,0.0,0.47733468363607495,29
dataset1_varroa,random_forest,d1_rf_003__centered80_balanced__hog16_hsv_lbp.joblib,centered80_balanced,80,hog16_hsv_lbp,0.922816519972918,60,predict_proba_score_threshold,0.3,0.3,4,20,0.3,1.25,70,58870,13292,2833,189.88571428571427,40.47142857142857,341.29131388664246,3.812521457672119,90,2743,0,0.03176844334627603,1.0,0.06158056790968183,39.18571428571428,0.0,20,717,35.85,0.0,0.35740357807638273,81,2752,9,0.028591599011648428,0.9,0.05542251111871365,39.31428571428572,0.12857142857142856,20,717,35.85,0.0,0.42122295601213056,30
dataset1_varroa,random_forest,d1_rf_003__centered80_balanced__hog16_hsv_lbp.joblib,centered80_balanced,80,hog16_hsv_lbp,0.922816519972918,63,predict_proba_score_threshold,0.3,0.3,6,13,0.3,1.0,70,141750,29836,3739,426.22857142857146,53.41428571428571,896.0474514961243,7.86786413192749,90,3649,0,0.02407060711420166,1.0,0.047009663097414466,52.128571428571426,0.0,20,997,49.85,0.0,0.4114107514737433,88,3651,2,0.023535704733886064,0.9777777777777777,0.04596500391747192,52.15714285714286,0.02857142857142857,20,997,49.85,0.0,0.4748255143879115,31
dataset1_varroa,random_forest,d1_rf_003__centered80_balanced__hog16_hsv_lbp.joblib,centered80_balanced,80,hog16_hsv_lbp,0.922816519972918,64,predict_proba_score_threshold,0.3,0.3,6,13,0.3,1.25,70,141750,29836,3739,426.22857142857146,53.41428571428571,896.0474514961243,7.7734057903289795,90,3649,0,0.02407060711420166,1.0,0.047009663097414466,52.128571428571426,0.0,20,997,49.85,0.0,0.3478918880644698,82,3657,8,0.02193099759293929,0.9111111111111111,0.04283102637764429,52.24285714285714,0.11428571428571428,20,997,49.85,0.0,0.42367475552495587,32
dataset1_varroa,rbf_svm,d1_rbfsvm_003__centered80_balanced__hog16_hsv_lbp.joblib,centered80_balanced,80,hog16_hsv_lbp,0.9362826015186532,49,decision_function_score_threshold,0.75,0.75,4,20,0.2,1.0,70,58870,982,281,14.028571428571428,4.014285714285714,243.57814049720764,0.23774313926696777,81,200,9,0.28825622775800713,0.9,0.4366576819407008,2.857142857142857,0.12857142857142856,20,54,2.7,0.1,0.45373151649697413,75,206,15,0.2669039145907473,0.8333333333333334,0.40431266846361186,2.942857142857143,0.21428571428571427,20,54,2.7,0.1,0.48405449667940625,1
dataset1_varroa,rbf_svm,d1_rbfsvm_003__centered80_balanced__hog16_hsv_lbp.joblib,centered80_balanced,80,hog16_hsv_lbp,0.9362826015186532,50,decision_function_score_threshold,0.75,0.75,4,20,0.2,1.25,70,58870,982,281,14.028571428571428,4.014285714285714,243.57814049720764,0.2834279537200928,83,198,7,0.29537366548042704,0.9222222222222223,0.4474393530997305,2.8285714285714287,0.1,20,54,2.7,0.1,0.39564000538039445,72,209,18,0.25622775800711745,0.8,0.3881401617250674,2.9857142857142858,0.2571428571428571,20,54,2.7,0.1,0.42942369455514906,2
dataset1_varroa,rbf_svm,d1_rbfsvm_003__centered80_balanced__hog16_hsv_lbp.joblib,centered80_balanced,80,hog16_hsv_lbp,0.9362826015186532,51,decision_function_score_threshold,0.75,0.75,4,20,0.3,1.0,70,58870,982,340,14.028571428571428,4.857142857142857,243.57814049720764,0.2228853702545166,83,257,7,0.24411764705882352,0.9222222222222223,0.386046511627907,3.6714285714285713,0.1,20,64,3.2,0.1,0.45945675977025996,79,261,11,0.2323529411764706,0.8777777777777778,0.3674418604651163,3.7285714285714286,0.15714285714285714,20,64,3.2,0.1,0.485692861513664,3
dataset1_varroa,rbf_svm,d1_rbfsvm_003__centered80_balanced__hog16_hsv_lbp.joblib,centered80_balanced,80,hog16_hsv_lbp,0.9362826015186532,52,decision_function_score_threshold,0.75,0.75,4,20,0.3,1.25,70,58870,982,340,14.028571428571428,4.857142857142857,243.57814049720764,0.24196124076843262,85,255,5,0.25,0.9444444444444444,0.3953488372093023,3.642857142857143,0.07142857142857142,20,64,3.2,0.1,0.3968898688522336,75,265,15,0.22058823529411764,0.8333333333333334,0.3488372093023256,3.7857142857142856,0.21428571428571427,20,64,3.2,0.1,0.4304938674494518,4
dataset1_varroa,rbf_svm,d1_rbfsvm_003__centered80_balanced__hog16_hsv_lbp.joblib,centered80_balanced,80,hog16_hsv_lbp,0.9362826015186532,53,decision_function_score_threshold,0.75,0.75,6,13,0.2,1.0,70,141750,2279,370,32.55714285714286,5.285714285714286,1335.045485496521,0.48763203620910645,82,288,8,0.22162162162162163,0.9111111111111111,0.3565217391304348,4.114285714285714,0.11428571428571428,20,76,3.8,0.0,0.4574986968000245,78,292,12,0.21081081081081082,0.8666666666666667,0.3391304347826087,4.171428571428572,0.17142857142857143,20,76,3.8,0.0,0.48436741317784593,5
dataset1_varroa,rbf_svm,d1_rbfsvm_003__centered80_balanced__hog16_hsv_lbp.joblib,centered80_balanced,80,hog16_hsv_lbp,0.9362826015186532,54,decision_function_score_threshold,0.75,0.75,6,13,0.2,1.25,70,141750,2279,370,32.55714285714286,5.285714285714286,1335.045485496521,0.4804389476776123,83,287,7,0.22432432432432434,0.9222222222222223,0.36086956521739133,4.1,0.1,20,76,3.8,0.0,0.39955009908333783,73,297,17,0.1972972972972973,0.8111111111111111,0.3173913043478261,4.242857142857143,0.24285714285714285,20,76,3.8,0.0,0.4329147742623345,6
dataset1_varroa,rbf_svm,d1_rbfsvm_003__centered80_balanced__hog16_hsv_lbp.joblib,centered80_balanced,80,hog16_hsv_lbp,0.9362826015186532,41,decision_function_score_threshold,0.5,0.5,4,20,0.2,1.0,70,58870,1543,447,22.042857142857144,6.385714285714286,243.57814049720764,0.3266112804412842,87,360,3,0.19463087248322147,0.9666666666666667,0.3240223463687151,5.142857142857143,0.04285714285714286,20,103,5.15,0.0,0.45272433569039583,82,365,8,0.18344519015659955,0.9111111111111111,0.3054003724394786,5.214285714285714,0.11428571428571428,20,103,5.15,0.0,0.4783213294323051,7
dataset1_varroa,rbf_svm,d1_rbfsvm_003__centered80_balanced__hog16_hsv_lbp.joblib,centered80_balanced,80,hog16_hsv_lbp,0.9362826015186532,42,decision_function_score_threshold,0.5,0.5,4,20,0.2,1.25,70,58870,1543,447,22.042857142857144,6.385714285714286,243.57814049720764,0.31923460960388184,87,360,3,0.19463087248322147,0.9666666666666667,0.3240223463687151,5.142857142857143,0.04285714285714286,20,103,5.15,0.0,0.39334855442542005,76,371,14,0.17002237136465326,0.8444444444444444,0.28305400372439476,5.3,0.2,20,103,5.15,0.0,0.42695036704024547,8
dataset1_varroa,rbf_svm,d1_rbfsvm_003__centered80_balanced__hog16_hsv_lbp.joblib,centered80_balanced,80,hog16_hsv_lbp,0.9362826015186532,55,decision_function_score_threshold,0.75,0.75,6,13,0.3,1.0,70,141750,2279,517,32.55714285714286,7.385714285714286,1335.045485496521,0.479264497756958,84,433,6,0.16247582205029013,0.9333333333333333,0.27677100494233936,6.185714285714286,0.08571428571428572,20,101,5.05,0.0,0.47222304283294686,82,435,8,0.15860735009671179,0.9111111111111111,0.2701812191103789,6.214285714285714,0.11428571428571428,20,101,5.05,0.0,0.4890022030202818,9
dataset1_varroa,rbf_svm,d1_rbfsvm_003__centered80_balanced__hog16_hsv_lbp.joblib,centered80_balanced,80,hog16_hsv_lbp,0.9362826015186532,43,decision_function_score_threshold,0.5,0.5,4,20,0.3,1.0,70,58870,1543,545,22.042857142857144,7.785714285714286,243.57814049720764,0.32440948486328125,88,457,2,0.1614678899082569,0.9777777777777777,0.27716535433070866,6.5285714285714285,0.02857142857142857,20,121,6.05,0.0,0.4575422169376026,85,460,5,0.1559633027522936,0.9444444444444444,0.2677165354330709,6.571428571428571,0.07142857142857142,20,121,6.05,0.0,0.4847137042803245,10
dataset1_varroa,rbf_svm,d1_rbfsvm_003__centered80_balanced__hog16_hsv_lbp.joblib,centered80_balanced,80,hog16_hsv_lbp,0.9362826015186532,56,decision_function_score_threshold,0.75,0.75,6,13,0.3,1.25,70,141750,2279,517,32.55714285714286,7.385714285714286,1335.045485496521,0.48537540435791016,84,433,6,0.16247582205029013,0.9333333333333333,0.27677100494233936,6.185714285714286,0.08571428571428572,20,101,5.05,0.0,0.39989454326804086,78,439,12,0.15087040618955513,0.8666666666666667,0.257001647446458,6.271428571428571,0.17142857142857143,20,101,5.05,0.0,0.4278969502985885,11
dataset1_varroa,rbf_svm,d1_rbfsvm_003__centered80_balanced__hog16_hsv_lbp.joblib,centered80_balanced,80,hog16_hsv_lbp,0.9362826015186532,44,decision_function_score_threshold,0.5,0.5,4,20,0.3,1.25,70,58870,1543,545,22.042857142857144,7.785714285714286,243.57814049720764,0.3204793930053711,88,457,2,0.1614678899082569,0.9777777777777777,0.27716535433070866,6.5285714285714285,0.02857142857142857,20,121,6.05,0.0,0.3966673163239669,80,465,10,0.14678899082568808,0.8888888888888888,0.25196850393700787,6.642857142857143,0.14285714285714285,20,121,6.05,0.0,0.4285499193201133,12
dataset1_varroa,rbf_svm,d1_rbfsvm_003__centered80_balanced__hog16_hsv_lbp.joblib,centered80_balanced,80,hog16_hsv_lbp,0.9362826015186532,45,decision_function_score_threshold,0.5,0.5,6,13,0.2,1.0,70,141750,3672,585,52.457142857142856,8.357142857142858,1335.045485496521,0.639223575592041,87,498,3,0.14871794871794872,0.9666666666666667,0.2577777777777778,7.114285714285714,0.04285714285714286,20,136,6.8,0.0,0.45476077487391026,82,503,8,0.14017094017094017,0.9111111111111111,0.24296296296296296,7.185714285714286,0.11428571428571428,20,136,6.8,0.0,0.4851912826435684,13
dataset1_varroa,rbf_svm,d1_rbfsvm_003__centered80_balanced__hog16_hsv_lbp.joblib,centered80_balanced,80,hog16_hsv_lbp,0.9362826015186532,46,decision_function_score_threshold,0.5,0.5,6,13,0.2,1.25,70,141750,3672,585,52.457142857142856,8.357142857142858,1335.045485496521,0.6112728118896484,88,497,2,0.15042735042735042,0.9777777777777777,0.2607407407407407,7.1,0.02857142857142857,20,136,6.8,0.0,0.396298323527053,77,508,13,0.13162393162393163,0.8555555555555555,0.22814814814814816,7.257142857142857,0.18571428571428572,20,136,6.8,0.0,0.4310393792246573,14
dataset1_varroa,rbf_svm,d1_rbfsvm_003__centered80_balanced__hog16_hsv_lbp.joblib,centered80_balanced,80,hog16_hsv_lbp,0.9362826015186532,33,decision_function_score_threshold,0.25,0.25,4,20,0.2,1.0,70,58870,2461,709,35.15714285714286,10.128571428571428,243.57814049720764,0.3971378803253174,88,621,2,0.12411847672778561,0.9777777777777777,0.2202753441802253,8.871428571428572,0.02857142857142857,20,175,8.75,0.0,0.45235965605901857,82,627,8,0.1156558533145275,0.9111111111111111,0.20525657071339173,8.957142857142857,0.11428571428571428,20,175,8.75,0.0,0.47742900957136186,15
dataset1_varroa,rbf_svm,d1_rbfsvm_003__centered80_balanced__hog16_hsv_lbp.joblib,centered80_balanced,80,hog16_hsv_lbp,0.9362826015186532,34,decision_function_score_threshold,0.25,0.25,4,20,0.2,1.25,70,58870,2461,709,35.15714285714286,10.128571428571428,243.57814049720764,0.4230682849884033,88,621,2,0.12411847672778561,0.9777777777777777,0.2202753441802253,8.871428571428572,0.02857142857142857,20,175,8.75,0.0,0.3958074391069298,77,632,13,0.10860366713681241,0.8555555555555555,0.1927409261576971,9.028571428571428,0.18571428571428572,20,175,8.75,0.0,0.42621512446157683,16
dataset1_varroa,rbf_svm,d1_rbfsvm_003__centered80_balanced__hog16_hsv_lbp.joblib,centered80_balanced,80,hog16_hsv_lbp,0.9362826015186532,47,decision_function_score_threshold,0.5,0.5,6,13,0.3,1.0,70,141750,3672,812,52.457142857142856,11.6,1335.045485496521,0.654496431350708,89,723,1,0.10960591133004927,0.9888888888888889,0.1973392461197339,10.32857142857143,0.014285714285714285,20,172,8.6,0.0,0.4688002193573903,86,726,4,0.10591133004926108,0.9555555555555556,0.19068736141906872,10.371428571428572,0.05714285714285714,20,172,8.6,0.0,0.4897523759066298,17
dataset1_varroa,rbf_svm,d1_rbfsvm_003__centered80_balanced__hog16_hsv_lbp.joblib,centered80_balanced,80,hog16_hsv_lbp,0.9362826015186532,48,decision_function_score_threshold,0.5,0.5,6,13,0.3,1.25,70,141750,3672,812,52.457142857142856,11.6,1335.045485496521,0.6031744480133057,89,723,1,0.10960591133004927,0.9888888888888889,0.1973392461197339,10.32857142857143,0.014285714285714285,20,172,8.6,0.0,0.3957850829336745,81,731,9,0.09975369458128079,0.9,0.17960088691796008,10.442857142857143,0.12857142857142856,20,172,8.6,0.0,0.4277420018194743,18
dataset1_varroa,rbf_svm,d1_rbfsvm_003__centered80_balanced__hog16_hsv_lbp.joblib,centered80_balanced,80,hog16_hsv_lbp,0.9362826015186532,35,decision_function_score_threshold,0.25,0.25,4,20,0.3,1.0,70,58870,2461,874,35.15714285714286,12.485714285714286,243.57814049720764,0.42309045791625977,88,786,2,0.10068649885583524,0.9777777777777777,0.1825726141078838,11.228571428571428,0.02857142857142857,20,207,10.35,0.0,0.45986884962671387,85,789,5,0.09725400457665904,0.9444444444444444,0.17634854771784234,11.271428571428572,0.07142857142857142,20,207,10.35,0.0,0.48662588801246787,19
dataset1_varroa,rbf_svm,d1_rbfsvm_003__centered80_balanced__hog16_hsv_lbp.joblib,centered80_balanced,80,hog16_hsv_lbp,0.9362826015186532,36,decision_function_score_threshold,0.25,0.25,4,20,0.3,1.25,70,58870,2461,874,35.15714285714286,12.485714285714286,243.57814049720764,0.43704915046691895,88,786,2,0.10068649885583524,0.9777777777777777,0.1825726141078838,11.228571428571428,0.02857142857142857,20,207,10.35,0.0,0.40138480171153446,82,792,8,0.09382151029748284,0.9111111111111111,0.17012448132780084,11.314285714285715,0.11428571428571428,20,207,10.35,0.0,0.4272084671236458,20
dataset1_varroa,rbf_svm,d1_rbfsvm_003__centered80_balanced__hog16_hsv_lbp.joblib,centered80_balanced,80,hog16_hsv_lbp,0.9362826015186532,37,decision_function_score_threshold,0.25,0.25,6,13,0.2,1.0,70,141750,5809,909,82.98571428571428,12.985714285714286,1335.045485496521,0.8131489753723145,88,821,2,0.0968096809680968,0.9777777777777777,0.17617617617617617,11.728571428571428,0.02857142857142857,20,233,11.65,0.0,0.4568983835307254,81,828,9,0.0891089108910891,0.9,0.16216216216216217,11.82857142857143,0.12857142857142856,20,233,11.65,0.0,0.49376038154202173,21
dataset1_varroa,rbf_svm,d1_rbfsvm_003__centered80_balanced__hog16_hsv_lbp.joblib,centered80_balanced,80,hog16_hsv_lbp,0.9362826015186532,38,decision_function_score_threshold,0.25,0.25,6,13,0.2,1.25,70,141750,5809,909,82.98571428571428,12.985714285714286,1335.045485496521,0.8262784481048584,89,820,1,0.09790979097909791,0.9888888888888889,0.1781781781781782,11.714285714285714,0.014285714285714285,20,233,11.65,0.0,0.39726268007683524,78,831,12,0.0858085808580858,0.8666666666666667,0.15615615615615616,11.871428571428572,0.17142857142857143,20,233,11.65,0.0,0.4312828172794258,22
dataset1_varroa,rbf_svm,d1_rbfsvm_003__centered80_balanced__hog16_hsv_lbp.joblib,centered80_balanced,80,hog16_hsv_lbp,0.9362826015186532,25,decision_function_score_threshold,0.0,0.0,4,20,0.2,1.0,70,58870,3813,1033,54.47142857142857,14.757142857142858,243.57814049720764,0.5764329433441162,90,943,0,0.08712487899322362,1.0,0.16028495102404275,13.471428571428572,0.0,20,269,13.45,0.0,0.4561162241065422,85,948,5,0.08228460793804453,0.9444444444444444,0.15138023152270705,13.542857142857143,0.07142857142857142,20,269,13.45,0.0,0.4805942503834486,23
dataset1_varroa,rbf_svm,d1_rbfsvm_003__centered80_balanced__hog16_hsv_lbp.joblib,centered80_balanced,80,hog16_hsv_lbp,0.9362826015186532,26,decision_function_score_threshold,0.0,0.0,4,20,0.2,1.25,70,58870,3813,1033,54.47142857142857,14.757142857142858,243.57814049720764,0.568997859954834,90,943,0,0.08712487899322362,1.0,0.16028495102404275,13.471428571428572,0.0,20,269,13.45,0.0,0.3957873094459651,78,955,12,0.0755082284607938,0.8666666666666667,0.13891362422083706,13.642857142857142,0.17142857142857143,20,269,13.45,0.0,0.4274303808566276,24
dataset1_varroa,rbf_svm,d1_rbfsvm_003__centered80_balanced__hog16_hsv_lbp.joblib,centered80_balanced,80,hog16_hsv_lbp,0.9362826015186532,39,decision_function_score_threshold,0.25,0.25,6,13,0.3,1.0,70,141750,5809,1264,82.98571428571428,18.057142857142857,1335.045485496521,0.9101901054382324,90,1174,0,0.07120253164556962,1.0,0.1329394387001477,16.771428571428572,0.0,20,308,15.4,0.0,0.46475799667476614,87,1177,3,0.06882911392405064,0.9666666666666667,0.12850812407680945,16.814285714285713,0.04285714285714286,20,308,15.4,0.0,0.49115924632409635,25
dataset1_varroa,rbf_svm,d1_rbfsvm_003__centered80_balanced__hog16_hsv_lbp.joblib,centered80_balanced,80,hog16_hsv_lbp,0.9362826015186532,27,decision_function_score_threshold,0.0,0.0,4,20,0.3,1.0,70,58870,3813,1285,54.47142857142857,18.357142857142858,243.57814049720764,0.594822883605957,90,1195,0,0.07003891050583658,1.0,0.13090909090909092,17.071428571428573,0.0,20,322,16.1,0.0,0.4613486679263532,87,1198,3,0.06770428015564202,0.9666666666666667,0.12654545454545454,17.114285714285714,0.04285714285714286,20,322,16.1,0.0,0.48699220201093524,26
dataset1_varroa,rbf_svm,d1_rbfsvm_003__centered80_balanced__hog16_hsv_lbp.joblib,centered80_balanced,80,hog16_hsv_lbp,0.9362826015186532,40,decision_function_score_threshold,0.25,0.25,6,13,0.3,1.25,70,141750,5809,1264,82.98571428571428,18.057142857142857,1335.045485496521,0.8964605331420898,90,1174,0,0.07120253164556962,1.0,0.1329394387001477,16.771428571428572,0.0,20,308,15.4,0.0,0.39569009463464544,82,1182,8,0.06487341772151899,0.9111111111111111,0.12112259970457903,16.885714285714286,0.11428571428571428,20,308,15.4,0.0,0.4272325158482107,27
dataset1_varroa,rbf_svm,d1_rbfsvm_003__centered80_balanced__hog16_hsv_lbp.joblib,centered80_balanced,80,hog16_hsv_lbp,0.9362826015186532,28,decision_function_score_threshold,0.0,0.0,4,20,0.3,1.25,70,58870,3813,1285,54.47142857142857,18.357142857142858,243.57814049720764,0.5923159122467041,90,1195,0,0.07003891050583658,1.0,0.13090909090909092,17.071428571428573,0.0,20,322,16.1,0.0,0.40149667807482625,82,1203,8,0.06381322957198443,0.9111111111111111,0.11927272727272727,17.185714285714287,0.11428571428571428,20,322,16.1,0.0,0.4294128005730391,28
dataset1_varroa,rbf_svm,d1_rbfsvm_003__centered80_balanced__hog16_hsv_lbp.joblib,centered80_balanced,80,hog16_hsv_lbp,0.9362826015186532,29,decision_function_score_threshold,0.0,0.0,6,13,0.2,1.0,70,141750,9232,1347,131.88571428571427,19.242857142857144,1335.045485496521,1.1313347816467285,90,1257,0,0.066815144766147,1.0,0.12526096033402923,17.957142857142856,0.0,20,359,17.95,0.0,0.4571208584016614,83,1264,7,0.06161841128433556,0.9222222222222223,0.11551844119693806,18.057142857142857,0.1,20,359,17.95,0.0,0.4935196308767135,29
dataset1_varroa,rbf_svm,d1_rbfsvm_003__centered80_balanced__hog16_hsv_lbp.joblib,centered80_balanced,80,hog16_hsv_lbp,0.9362826015186532,30,decision_function_score_threshold,0.0,0.0,6,13,0.2,1.25,70,141750,9232,1347,131.88571428571427,19.242857142857144,1335.045485496521,1.1744885444641113,90,1257,0,0.066815144766147,1.0,0.12526096033402923,17.957142857142856,0.0,20,359,17.95,0.0,0.39751062173645746,79,1268,11,0.05864884929472903,0.8777777777777778,0.10995128740431455,18.114285714285714,0.15714285714285714,20,359,17.95,0.0,0.4312203483063976,30
dataset1_varroa,rbf_svm,d1_rbfsvm_003__centered80_balanced__hog16_hsv_lbp.joblib,centered80_balanced,80,hog16_hsv_lbp,0.9362826015186532,31,decision_function_score_threshold,0.0,0.0,6,13,0.3,1.0,70,141750,9232,1896,131.88571428571427,27.085714285714285,1335.045485496521,1.277583122253418,90,1806,0,0.04746835443037975,1.0,0.09063444108761329,25.8,0.0,20,488,24.4,0.0,0.46137167859355704,88,1808,2,0.046413502109704644,0.9777777777777777,0.08862034239677745,25.82857142857143,0.02857142857142857,20,488,24.4,0.0,0.49001632740203876,31
dataset1_varroa,rbf_svm,d1_rbfsvm_003__centered80_balanced__hog16_hsv_lbp.joblib,centered80_balanced,80,hog16_hsv_lbp,0.9362826015186532,32,decision_function_score_threshold,0.0,0.0,6,13,0.3,1.25,70,141750,9232,1896,131.88571428571427,27.085714285714285,1335.045485496521,1.2233645915985107,90,1806,0,0.04746835443037975,1.0,0.09063444108761329,25.8,0.0,20,488,24.4,0.0,0.39543370869593075,83,1813,7,0.04377637130801688,0.9222222222222223,0.08358509566968782,25.9,0.1,20,488,24.4,0.0,0.4264357845881771,32
dataset2_honeybee,linear_svm,d2_linsvm_011__centered48_balanced__hog16_pca_hsv_lbp.joblib,centered48_balanced,48,hog16_pca_hsv_lbp,0.8906955736224029,5,score_threshold,1.0,1.0,6,8,0.2,1.0,61,11895,564,55,9.245901639344263,0.9016393442622951,32.207632303237915,0.27865123748779297,36,19,27,0.6545454545454545,0.5714285714285714,0.6101694915254238,0.3114754098360656,0.4426229508196721,20,2,0.1,0.95,0.36815471464802046,27,28,36,0.4909090909090909,0.42857142857142855,0.4576271186440678,0.45901639344262296,0.5901639344262295,20,2,0.1,0.95,0.4163415815676825,1
dataset2_honeybee,linear_svm,d2_linsvm_011__centered48_balanced__hog16_pca_hsv_lbp.joblib,centered48_balanced,48,hog16_pca_hsv_lbp,0.8906955736224029,1,score_threshold,1.0,1.0,4,12,0.2,1.0,61,6039,273,51,4.475409836065574,0.8360655737704918,16.748095512390137,0.17508578300476074,36,15,27,0.7058823529411765,0.5714285714285714,0.631578947368421,0.2459016393442623,0.4426229508196721,20,2,0.1,0.95,0.3561875978447049,26,25,37,0.5098039215686274,0.4126984126984127,0.45614035087719296,0.4098360655737705,0.6065573770491803,20,2,0.1,0.95,0.4161462431242223,2
dataset2_honeybee,linear_svm,d2_linsvm_011__centered48_balanced__hog16_pca_hsv_lbp.joblib,centered48_balanced,48,hog16_pca_hsv_lbp,0.8906955736224029,3,score_threshold,1.0,1.0,4,12,0.3,1.0,61,6039,273,64,4.475409836065574,1.0491803278688525,16.748095512390137,0.1981678009033203,41,23,22,0.640625,0.6507936507936508,0.6456692913385826,0.3770491803278688,0.36065573770491804,20,2,0.1,0.95,0.3379990811860978,28,36,35,0.4375,0.4444444444444444,0.4409448818897638,0.5901639344262295,0.5737704918032787,20,2,0.1,0.95,0.4099444902347053,3
dataset2_honeybee,linear_svm,d2_linsvm_011__centered48_balanced__hog16_pca_hsv_lbp.joblib,centered48_balanced,48,hog16_pca_hsv_lbp,0.8906955736224029,7,score_threshold,1.0,1.0,6,8,0.3,1.0,61,11895,564,80,9.245901639344263,1.3114754098360655,32.207632303237915,0.2708561420440674,45,35,18,0.5625,0.7142857142857143,0.6293706293706294,0.5737704918032787,0.29508196721311475,20,3,0.15,0.95,0.34514788855225376,31,49,32,0.3875,0.49206349206349204,0.43356643356643354,0.8032786885245902,0.5245901639344263,20,3,0.15,0.95,0.4133930027837815,4
dataset2_honeybee,linear_svm,d2_linsvm_011__centered48_balanced__hog16_pca_hsv_lbp.joblib,centered48_balanced,48,hog16_pca_hsv_lbp,0.8906955736224029,13,score_threshold,1.5,1.5,6,8,0.2,1.0,61,11895,162,24,2.6557377049180326,0.39344262295081966,32.207632303237915,0.1994774341583252,18,6,45,0.75,0.2857142857142857,0.41379310344827586,0.09836065573770492,0.7377049180327869,20,1,0.05,0.95,0.36428982564792595,15,9,48,0.625,0.23809523809523808,0.3448275862068966,0.14754098360655737,0.7868852459016393,20,1,0.05,0.95,0.4068145172261073,5
dataset2_honeybee,linear_svm,d2_linsvm_011__centered48_balanced__hog16_pca_hsv_lbp.joblib,centered48_balanced,48,hog16_pca_hsv_lbp,0.8906955736224029,15,score_threshold,1.5,1.5,6,8,0.3,1.0,61,11895,162,29,2.6557377049180326,0.47540983606557374,32.207632303237915,0.17679905891418457,19,10,44,0.6551724137931034,0.30158730158730157,0.41304347826086957,0.16393442622950818,0.7213114754098361,20,1,0.05,0.95,0.3641840642159928,15,14,48,0.5172413793103449,0.23809523809523808,0.32608695652173914,0.22950819672131148,0.7868852459016393,20,1,0.05,0.95,0.411568989194663,6
dataset2_honeybee,linear_svm,d2_linsvm_011__centered48_balanced__hog16_pca_hsv_lbp.joblib,centered48_balanced,48,hog16_pca_hsv_lbp,0.8906955736224029,11,score_threshold,1.5,1.5,4,12,0.3,1.0,61,6039,72,25,1.180327868852459,0.4098360655737705,16.748095512390137,0.14010262489318848,17,8,46,0.68,0.2698412698412698,0.38636363636363635,0.13114754098360656,0.7540983606557377,20,1,0.05,0.95,0.33090746553190015,12,13,51,0.48,0.19047619047619047,0.2727272727272727,0.21311475409836064,0.8360655737704918,20,1,0.05,0.95,0.38333117055111243,7
dataset2_honeybee,linear_svm,d2_linsvm_011__centered48_balanced__hog16_pca_hsv_lbp.joblib,centered48_balanced,48,hog16_pca_hsv_lbp,0.8906955736224029,9,score_threshold,1.5,1.5,4,12,0.2,1.0,61,6039,72,22,1.180327868852459,0.36065573770491804,16.748095512390137,0.11583399772644043,15,7,48,0.6818181818181818,0.23809523809523808,0.35294117647058826,0.11475409836065574,0.7868852459016393,20,1,0.05,0.95,0.3415978938092012,11,11,52,0.5,0.1746031746031746,0.25882352941176473,0.18032786885245902,0.8524590163934426,20,1,0.05,0.95,0.39058147816976335,8
dataset2_honeybee,linear_svm,d2_linsvm_011__centered48_balanced__hog16_pca_hsv_lbp.joblib,centered48_balanced,48,hog16_pca_hsv_lbp,0.8906955736224029,6,score_threshold,1.0,1.0,6,8,0.2,1.25,61,11895,564,55,9.245901639344263,0.9016393442622951,32.207632303237915,0.2796661853790283,38,17,25,0.6909090909090909,0.6031746031746031,0.6440677966101694,0.2786885245901639,0.4098360655737705,20,2,0.1,0.95,0.2657934912918684,13,42,50,0.23636363636363636,0.20634920634920634,0.22033898305084745,0.6885245901639344,0.819672131147541,20,2,0.1,0.95,0.351203103854808,9
dataset2_honeybee,linear_svm,d2_linsvm_011__centered48_balanced__hog16_pca_hsv_lbp.joblib,centered48_balanced,48,hog16_pca_hsv_lbp,0.8906955736224029,2,score_threshold,1.0,1.0,4,12,0.2,1.25,61,6039,273,51,4.475409836065574,0.8360655737704918,16.748095512390137,0.1963510513305664,38,13,25,0.7450980392156863,0.6031746031746031,0.6666666666666666,0.21311475409836064,0.4098360655737705,20,2,0.1,0.95,0.26303879247669804,12,39,51,0.23529411764705882,0.19047619047619047,0.21052631578947367,0.639344262295082,0.8360655737704918,20,2,0.1,0.95,0.3596872072233825,10
dataset2_honeybee,linear_svm,d2_linsvm_011__centered48_balanced__hog16_pca_hsv_lbp.joblib,centered48_balanced,48,hog16_pca_hsv_lbp,0.8906955736224029,4,score_threshold,1.0,1.0,4,12,0.3,1.25,61,6039,273,64,4.475409836065574,1.0491803278688525,16.748095512390137,0.21454381942749023,42,22,21,0.65625,0.6666666666666666,0.6614173228346457,0.36065573770491804,0.3442622950819672,20,2,0.1,0.95,0.25803591216113697,13,51,50,0.203125,0.20634920634920634,0.2047244094488189,0.8360655737704918,0.819672131147541,20,2,0.1,0.95,0.3554227331069304,11
dataset2_honeybee,linear_svm,d2_linsvm_011__centered48_balanced__hog16_pca_hsv_lbp.joblib,centered48_balanced,48,hog16_pca_hsv_lbp,0.8906955736224029,8,score_threshold,1.0,1.0,6,8,0.3,1.25,61,11895,564,80,9.245901639344263,1.3114754098360655,32.207632303237915,0.35802125930786133,47,33,16,0.5875,0.746031746031746,0.6573426573426573,0.5409836065573771,0.26229508196721313,20,3,0.15,0.95,0.2543771964933439,14,66,49,0.175,0.2222222222222222,0.1958041958041958,1.0819672131147542,0.8032786885245902,20,3,0.15,0.95,0.3527931858776517,12
dataset2_honeybee,linear_svm,d2_linsvm_011__centered48_balanced__hog16_pca_hsv_lbp.joblib,centered48_balanced,48,hog16_pca_hsv_lbp,0.8906955736224029,14,score_threshold,1.5,1.5,6,8,0.2,1.25,61,11895,162,24,2.6557377049180326,0.39344262295081966,32.207632303237915,0.21720600128173828,18,6,45,0.75,0.2857142857142857,0.41379310344827586,0.09836065573770492,0.7377049180327869,20,1,0.05,0.95,0.26008992548275883,5,19,58,0.20833333333333334,0.07936507936507936,0.11494252873563218,0.3114754098360656,0.9508196721311475,20,1,0.05,0.95,0.35014365945384085,13
dataset2_honeybee,linear_svm,d2_linsvm_011__centered48_balanced__hog16_pca_hsv_lbp.joblib,centered48_balanced,48,hog16_pca_hsv_lbp,0.8906955736224029,16,score_threshold,1.5,1.5,6,8,0.3,1.25,61,11895,162,29,2.6557377049180326,0.47540983606557374,32.207632303237915,0.1904594898223877,19,10,44,0.6551724137931034,0.30158730158730157,0.41304347826086957,0.16393442622950818,0.7213114754098361,20,1,0.05,0.95,0.25931598964223934,5,24,58,0.1724137931034483,0.07936507936507936,0.10869565217391304,0.39344262295081966,0.9508196721311475,20,1,0.05,0.95,0.35014365945384085,14
dataset2_honeybee,linear_svm,d2_linsvm_011__centered48_balanced__hog16_pca_hsv_lbp.joblib,centered48_balanced,48,hog16_pca_hsv_lbp,0.8906955736224029,10,score_threshold,1.5,1.5,4,12,0.2,1.25,61,6039,72,22,1.180327868852459,0.36065573770491804,16.748095512390137,0.14857769012451172,15,7,48,0.6818181818181818,0.23809523809523808,0.35294117647058826,0.11475409836065574,0.7868852459016393,20,1,0.05,0.95,0.25995202621133195,4,18,59,0.18181818181818182,0.06349206349206349,0.09411764705882353,0.29508196721311475,0.9672131147540983,20,1,0.05,0.95,0.32705598905592614,15
dataset2_honeybee,linear_svm,d2_linsvm_011__centered48_balanced__hog16_pca_hsv_lbp.joblib,centered48_balanced,48,hog16_pca_hsv_lbp,0.8906955736224029,12,score_threshold,1.5,1.5,4,12,0.3,1.25,61,6039,72,25,1.180327868852459,0.4098360655737705,16.748095512390137,0.1529996395111084,17,8,46,0.68,0.2698412698412698,0.38636363636363635,0.13114754098360656,0.7540983606557377,20,1,0.05,0.95,0.25184005827011663,4,21,59,0.16,0.06349206349206349,0.09090909090909091,0.3442622950819672,0.9672131147540983,20,1,0.05,0.95,0.3278338926944181,16
dataset2_honeybee,linear_svm,d2_linsvm_011__centered48_balanced__hog16_pca_hsv_lbp.joblib,centered48_balanced,48,hog16_pca_hsv_lbp,0.8906955736224029,18,score_threshold,2.0,2.0,4,12,0.2,1.25,61,6039,12,5,0.19672131147540983,0.08196721311475409,16.748095512390137,0.15076088905334473,4,1,59,0.8,0.06349206349206349,0.11764705882352941,0.01639344262295082,0.9672131147540983,20,0,0.0,1.0,0.2833329445051562,3,2,60,0.6,0.047619047619047616,0.08823529411764706,0.03278688524590164,0.9836065573770492,20,0,0.0,1.0,0.31249073756486695,17
dataset2_honeybee,linear_svm,d2_linsvm_011__centered48_balanced__hog16_pca_hsv_lbp.joblib,centered48_balanced,48,hog16_pca_hsv_lbp,0.8906955736224029,20,score_threshold,2.0,2.0,4,12,0.3,1.25,61,6039,12,6,0.19672131147540983,0.09836065573770492,16.748095512390137,0.1500682830810547,5,1,58,0.8333333333333334,0.07936507936507936,0.14492753623188406,0.01639344262295082,0.9508196721311475,20,0,0.0,1.0,0.254767001510236,3,3,60,0.5,0.047619047619047616,0.08695652173913043,0.04918032786885246,0.9836065573770492,20,0,0.0,1.0,0.31249073756486695,18
dataset2_honeybee,linear_svm,d2_linsvm_011__centered48_balanced__hog16_pca_hsv_lbp.joblib,centered48_balanced,48,hog16_pca_hsv_lbp,0.8906955736224029,23,score_threshold,2.0,2.0,6,8,0.3,1.0,61,11895,29,7,0.47540983606557374,0.11475409836065574,32.207632303237915,0.16557884216308594,5,2,58,0.7142857142857143,0.07936507936507936,0.14285714285714285,0.03278688524590164,0.9508196721311475,20,0,0.0,1.0,0.320632692467753,3,4,60,0.42857142857142855,0.047619047619047616,0.08571428571428572,0.06557377049180328,0.9836065573770492,20,0,0.0,1.0,0.42231606229682744,19
dataset2_honeybee,linear_svm,d2_linsvm_011__centered48_balanced__hog16_pca_hsv_lbp.joblib,centered48_balanced,48,hog16_pca_hsv_lbp,0.8906955736224029,22,score_threshold,2.0,2.0,6,8,0.2,1.25,61,11895,29,5,0.47540983606557374,0.08196721311475409,32.207632303237915,0.14707541465759277,4,1,59,0.8,0.06349206349206349,0.11764705882352941,0.01639344262295082,0.9672131147540983,20,0,0.0,1.0,0.24545651921500683,2,3,61,0.4,0.031746031746031744,0.058823529411764705,0.04918032786885246,1.0,20,0,0.0,1.0,0.34240674908343544,20
dataset2_honeybee,linear_svm,d2_linsvm_011__centered48_balanced__hog16_pca_hsv_lbp.joblib,centered48_balanced,48,hog16_pca_hsv_lbp,0.8906955736224029,17,score_threshold,2.0,2.0,4,12,0.2,1.0,61,6039,12,5,0.19672131147540983,0.08196721311475409,16.748095512390137,0.15210318565368652,4,1,59,0.8,0.06349206349206349,0.11764705882352941,0.01639344262295082,0.9672131147540983,20,0,0.0,1.0,0.3457220356927042,2,3,61,0.4,0.031746031746031744,0.058823529411764705,0.04918032786885246,1.0,20,0,0.0,1.0,0.4574103811549301,21
dataset2_honeybee,linear_svm,d2_linsvm_011__centered48_balanced__hog16_pca_hsv_lbp.joblib,centered48_balanced,48,hog16_pca_hsv_lbp,0.8906955736224029,21,score_threshold,2.0,2.0,6,8,0.2,1.0,61,11895,29,5,0.47540983606557374,0.08196721311475409,32.207632303237915,0.17021846771240234,4,1,59,0.8,0.06349206349206349,0.11764705882352941,0.01639344262295082,0.9672131147540983,20,0,0.0,1.0,0.3164924418258534,2,3,61,0.4,0.031746031746031744,0.058823529411764705,0.04918032786885246,1.0,20,0,0.0,1.0,0.46376923233413003,22
dataset2_honeybee,linear_svm,d2_linsvm_011__centered48_balanced__hog16_pca_hsv_lbp.joblib,centered48_balanced,48,hog16_pca_hsv_lbp,0.8906955736224029,19,score_threshold,2.0,2.0,4,12,0.3,1.0,61,6039,12,6,0.19672131147540983,0.09836065573770492,16.748095512390137,0.14929556846618652,4,2,59,0.6666666666666666,0.06349206349206349,0.11594202898550725,0.03278688524590164,0.9672131147540983,20,0,0.0,1.0,0.34572203569270415,2,4,61,0.3333333333333333,0.031746031746031744,0.057971014492753624,0.06557377049180328,1.0,20,0,0.0,1.0,0.4574103811549301,23
dataset2_honeybee,linear_svm,d2_linsvm_011__centered48_balanced__hog16_pca_hsv_lbp.joblib,centered48_balanced,48,hog16_pca_hsv_lbp,0.8906955736224029,24,score_threshold,2.0,2.0,6,8,0.3,1.25,61,11895,29,7,0.47540983606557374,0.11475409836065574,32.207632303237915,0.14589834213256836,5,2,58,0.7142857142857143,0.07936507936507936,0.14285714285714285,0.03278688524590164,0.9508196721311475,20,0,0.0,1.0,0.2255202560697251,2,5,61,0.2857142857142857,0.031746031746031744,0.05714285714285714,0.08196721311475409,1.0,20,0,0.0,1.0,0.34240674908343544,24
dataset2_honeybee,random_forest,d2_rf_001__centered48_balanced__hsv_lbp_only.joblib,centered48_balanced,48,hsv_lbp_only,0.9066427289048474,83,predict_proba_score_threshold,0.6,0.6,4,12,0.3,1.0,61,6039,868,176,14.229508196721312,2.8852459016393444,14.459940671920776,0.34314870834350586,60,116,3,0.3409090909090909,0.9523809523809523,0.502092050209205,1.901639344262295,0.04918032786885246,20,18,0.9,0.55,0.30447907794465673,35,141,28,0.19886363636363635,0.5555555555555556,0.2928870292887029,2.3114754098360657,0.45901639344262296,20,18,0.9,0.55,0.4020032032070962,1
dataset2_honeybee,random_forest,d2_rf_001__centered48_balanced__hsv_lbp_only.joblib,centered48_balanced,48,hsv_lbp_only,0.9066427289048474,81,predict_proba_score_threshold,0.6,0.6,4,12,0.2,1.0,61,6039,868,134,14.229508196721312,2.19672131147541,14.459940671920776,0.33631134033203125,58,76,5,0.43283582089552236,0.9206349206349206,0.5888324873096447,1.2459016393442623,0.08196721311475409,20,14,0.7,0.55,0.2986698871634373,28,106,35,0.208955223880597,0.4444444444444444,0.28426395939086296,1.7377049180327868,0.5737704918032787,20,14,0.7,0.55,0.4111630861322662,2
dataset2_honeybee,random_forest,d2_rf_001__centered48_balanced__hsv_lbp_only.joblib,centered48_balanced,48,hsv_lbp_only,0.9066427289048474,85,predict_proba_score_threshold,0.6,0.6,6,8,0.2,1.0,61,11895,1837,148,30.114754098360656,2.4262295081967213,24.88022541999817,0.5290119647979736,55,93,8,0.3716216216216216,0.873015873015873,0.5213270142180095,1.5245901639344261,0.13114754098360656,20,19,0.95,0.45,0.29905334614716844,26,122,37,0.17567567567567569,0.4126984126984127,0.24644549763033174,2.0,0.6065573770491803,20,19,0.95,0.45,0.4089948416238667,3
dataset2_honeybee,random_forest,d2_rf_001__centered48_balanced__hsv_lbp_only.joblib,centered48_balanced,48,hsv_lbp_only,0.9066427289048474,73,predict_proba_score_threshold,0.5,0.5,4,12,0.2,1.0,61,6039,1108,166,18.16393442622951,2.721311475409836,14.459940671920776,0.38864994049072266,57,109,6,0.3433734939759036,0.9047619047619048,0.4978165938864629,1.7868852459016393,0.09836065573770492,20,24,1.2,0.25,0.2957289486296939,28,138,35,0.1686746987951807,0.4444444444444444,0.2445414847161572,2.262295081967213,0.5737704918032787,20,24,1.2,0.25,0.40808748378118753,4
dataset2_honeybee,random_forest,d2_rf_001__centered48_balanced__hsv_lbp_only.joblib,centered48_balanced,48,hsv_lbp_only,0.9066427289048474,75,predict_proba_score_threshold,0.5,0.5,4,12,0.3,1.0,61,6039,1108,225,18.16393442622951,3.6885245901639343,14.459940671920776,0.33398938179016113,58,167,5,0.2577777777777778,0.9206349206349206,0.4027777777777778,2.737704918032787,0.08196721311475409,20,30,1.5,0.25,0.30418077314827086,33,192,30,0.14666666666666667,0.5238095238095238,0.22916666666666666,3.1475409836065573,0.4918032786885246,20,30,1.5,0.25,0.4130500428874579,5
dataset2_honeybee,random_forest,d2_rf_001__centered48_balanced__hsv_lbp_only.joblib,centered48_balanced,48,hsv_lbp_only,0.9066427289048474,87,predict_proba_score_threshold,0.6,0.6,6,8,0.3,1.0,61,11895,1837,229,30.114754098360656,3.7540983606557377,24.88022541999817,0.5782678127288818,58,171,5,0.25327510917030566,0.9206349206349206,0.3972602739726027,2.80327868852459,0.08196721311475409,20,25,1.25,0.45,0.30926393146249603,33,196,30,0.14410480349344978,0.5238095238095238,0.22602739726027396,3.2131147540983607,0.4918032786885246,20,25,1.25,0.45,0.4117991565605168,6
dataset2_honeybee,random_forest,d2_rf_001__centered48_balanced__hsv_lbp_only.joblib,centered48_balanced,48,hsv_lbp_only,0.9066427289048474,77,predict_proba_score_threshold,0.5,0.5,6,8,0.2,1.0,61,11895,2333,172,38.24590163934426,2.819672131147541,24.88022541999817,0.5823018550872803,54,118,9,0.313953488372093,0.8571428571428571,0.4595744680851064,1.9344262295081966,0.14754098360655737,20,27,1.35,0.25,0.30069371483852064,25,147,38,0.14534883720930233,0.3968253968253968,0.2127659574468085,2.4098360655737703,0.6229508196721312,20,27,1.35,0.25,0.4115440677796889,7
dataset2_honeybee,random_forest,d2_rf_001__centered48_balanced__hsv_lbp_only.joblib,centered48_balanced,48,hsv_lbp_only,0.9066427289048474,65,predict_proba_score_threshold,0.4,0.4,4,12,0.2,1.0,61,6039,1415,209,23.19672131147541,3.4262295081967213,14.459940671920776,0.4025001525878906,55,154,8,0.2631578947368421,0.873015873015873,0.40441176470588236,2.5245901639344264,0.13114754098360656,20,33,1.65,0.25,0.2950425055516242,26,183,37,0.12440191387559808,0.4126984126984127,0.19117647058823528,3.0,0.6065573770491803,20,33,1.65,0.25,0.4105658497398561,8
dataset2_honeybee,random_forest,d2_rf_001__centered48_balanced__hsv_lbp_only.joblib,centered48_balanced,48,hsv_lbp_only,0.9066427289048474,79,predict_proba_score_threshold,0.5,0.5,6,8,0.3,1.0,61,11895,2333,287,38.24590163934426,4.704918032786885,24.88022541999817,0.6327941417694092,57,230,6,0.1986062717770035,0.9047619047619048,0.32571428571428573,3.7704918032786887,0.09836065573770492,20,38,1.9,0.25,0.30792974971588527,33,254,30,0.11498257839721254,0.5238095238095238,0.18857142857142858,4.163934426229508,0.4918032786885246,20,38,1.9,0.25,0.4080229139809979,9
dataset2_honeybee,random_forest,d2_rf_001__centered48_balanced__hsv_lbp_only.joblib,centered48_balanced,48,hsv_lbp_only,0.9066427289048474,67,predict_proba_score_threshold,0.4,0.4,4,12,0.3,1.0,61,6039,1415,282,23.19672131147541,4.622950819672131,14.459940671920776,0.43394041061401367,57,225,6,0.20212765957446807,0.9047619047619048,0.33043478260869563,3.6885245901639343,0.09836065573770492,20,41,2.05,0.25,0.3064226339056326,32,250,31,0.11347517730496454,0.5079365079365079,0.1855072463768116,4.098360655737705,0.5081967213114754,20,41,2.05,0.25,0.4131899244839,10
dataset2_honeybee,random_forest,d2_rf_001__centered48_balanced__hsv_lbp_only.joblib,centered48_balanced,48,hsv_lbp_only,0.9066427289048474,69,predict_proba_score_threshold,0.4,0.4,6,8,0.2,1.0,61,11895,2944,215,48.26229508196721,3.5245901639344264,24.88022541999817,0.7844488620758057,52,163,11,0.24186046511627907,0.8253968253968254,0.37410071942446044,2.6721311475409837,0.18032786885245902,20,39,1.95,0.15,0.30181000512921347,25,190,38,0.11627906976744186,0.3968253968253968,0.17985611510791366,3.1147540983606556,0.6229508196721312,20,39,1.95,0.15,0.4089831400106598,11
dataset2_honeybee,random_forest,d2_rf_001__centered48_balanced__hsv_lbp_only.joblib,centered48_balanced,48,hsv_lbp_only,0.9066427289048474,61,predict_proba_score_threshold,0.3,0.3,6,8,0.2,1.0,61,11895,3792,266,62.16393442622951,4.360655737704918,24.88022541999817,0.7679915428161621,52,214,11,0.19548872180451127,0.8253968253968254,0.3161094224924012,3.5081967213114753,0.18032786885245902,20,56,2.8,0.0,0.2967497578438098,26,240,37,0.09774436090225563,0.4126984126984127,0.1580547112462006,3.9344262295081966,0.6065573770491803,20,56,2.8,0.0,0.40357828412226593,12
dataset2_honeybee,random_forest,d2_rf_001__centered48_balanced__hsv_lbp_only.joblib,centered48_balanced,48,hsv_lbp_only,0.9066427289048474,57,predict_proba_score_threshold,0.3,0.3,4,12,0.2,1.0,61,6039,1830,255,30.0,4.180327868852459,14.459940671920776,0.5418806076049805,54,201,9,0.21176470588235294,0.8571428571428571,0.33962264150943394,3.2950819672131146,0.14754098360655737,20,49,2.45,0.05,0.29258677118694537,25,230,38,0.09803921568627451,0.3968253968253968,0.15723270440251572,3.7704918032786887,0.6229508196721312,20,49,2.45,0.05,0.4091380684967875,13
dataset2_honeybee,random_forest,d2_rf_001__centered48_balanced__hsv_lbp_only.joblib,centered48_balanced,48,hsv_lbp_only,0.9066427289048474,82,predict_proba_score_threshold,0.6,0.6,4,12,0.2,1.25,61,6039,868,134,14.229508196721312,2.19672131147541,14.459940671920776,0.3226306438446045,56,78,7,0.417910447761194,0.8888888888888888,0.5685279187817259,1.278688524590164,0.11475409836065574,20,14,0.7,0.55,0.23772635762423203,15,119,48,0.11194029850746269,0.23809523809523808,0.15228426395939088,1.9508196721311475,0.7868852459016393,20,14,0.7,0.55,0.34448987390707286,14
dataset2_honeybee,random_forest,d2_rf_001__centered48_balanced__hsv_lbp_only.joblib,centered48_balanced,48,hsv_lbp_only,0.9066427289048474,71,predict_proba_score_threshold,0.4,0.4,6,8,0.3,1.0,61,11895,2944,356,48.26229508196721,5.836065573770492,24.88022541999817,0.7983880043029785,56,300,7,0.15730337078651685,0.8888888888888888,0.26730310262529833,4.918032786885246,0.11475409836065574,20,53,2.65,0.15,0.3068320491590075,31,325,32,0.08707865168539326,0.49206349206349204,0.14797136038186157,5.327868852459017,0.5245901639344263,20,53,2.65,0.15,0.4119643297170558,15
dataset2_honeybee,random_forest,d2_rf_001__centered48_balanced__hsv_lbp_only.joblib,centered48_balanced,48,hsv_lbp_only,0.9066427289048474,59,predict_proba_score_threshold,0.3,0.3,4,12,0.3,1.0,61,6039,1830,362,30.0,5.934426229508197,14.459940671920776,0.47368574142456055,58,304,5,0.16022099447513813,0.9206349206349206,0.27294117647058824,4.983606557377049,0.08196721311475409,20,67,3.35,0.05,0.30383621115677173,31,331,32,0.0856353591160221,0.49206349206349204,0.14588235294117646,5.426229508196721,0.5245901639344263,20,67,3.35,0.05,0.4149603929222893,16
dataset2_honeybee,random_forest,d2_rf_001__centered48_balanced__hsv_lbp_only.joblib,centered48_balanced,48,hsv_lbp_only,0.9066427289048474,86,predict_proba_score_threshold,0.6,0.6,6,8,0.2,1.25,61,11895,1837,148,30.114754098360656,2.4262295081967213,24.88022541999817,0.5302941799163818,54,94,9,0.36486486486486486,0.8571428571428571,0.5118483412322274,1.540983606557377,0.14754098360655737,20,19,0.95,0.45,0.24428387167343016,14,134,49,0.0945945945945946,0.2222222222222222,0.13270142180094788,2.19672131147541,0.8032786885245902,20,19,0.95,0.45,0.3473577074488929,17
dataset2_honeybee,random_forest,d2_rf_001__centered48_balanced__hsv_lbp_only.joblib,centered48_balanced,48,hsv_lbp_only,0.9066427289048474,74,predict_proba_score_threshold,0.5,0.5,4,12,0.2,1.25,61,6039,1108,166,18.16393442622951,2.721311475409836,14.459940671920776,0.34609174728393555,57,109,6,0.3433734939759036,0.9047619047619048,0.4978165938864629,1.7868852459016393,0.09836065573770492,20,24,1.2,0.25,0.23518059302593777,15,151,48,0.09036144578313253,0.23809523809523808,0.13100436681222707,2.4754098360655736,0.7868852459016393,20,24,1.2,0.25,0.3419760605601864,18
dataset2_honeybee,random_forest,d2_rf_001__centered48_balanced__hsv_lbp_only.joblib,centered48_balanced,48,hsv_lbp_only,0.9066427289048474,84,predict_proba_score_threshold,0.6,0.6,4,12,0.3,1.25,61,6039,868,176,14.229508196721312,2.8852459016393444,14.459940671920776,0.36715006828308105,58,118,5,0.32954545454545453,0.9206349206349206,0.48535564853556484,1.9344262295081966,0.08196721311475409,20,18,0.9,0.55,0.24108676338390161,15,161,48,0.08522727272727272,0.23809523809523808,0.12552301255230125,2.639344262295082,0.7868852459016393,20,18,0.9,0.55,0.3500695961781715,19
dataset2_honeybee,random_forest,d2_rf_001__centered48_balanced__hsv_lbp_only.joblib,centered48_balanced,48,hsv_lbp_only,0.9066427289048474,78,predict_proba_score_threshold,0.5,0.5,6,8,0.2,1.25,61,11895,2333,172,38.24590163934426,2.819672131147541,24.88022541999817,0.5482923984527588,54,118,9,0.313953488372093,0.8571428571428571,0.4595744680851064,1.9344262295081966,0.14754098360655737,20,27,1.35,0.25,0.24011448931730392,14,158,49,0.08139534883720931,0.2222222222222222,0.11914893617021277,2.5901639344262297,0.8032786885245902,20,27,1.35,0.25,0.34292634754453405,20
dataset2_honeybee,random_forest,d2_rf_001__centered48_balanced__hsv_lbp_only.joblib,centered48_balanced,48,hsv_lbp_only,0.9066427289048474,63,predict_proba_score_threshold,0.3,0.3,6,8,0.3,1.0,61,11895,3792,458,62.16393442622951,7.508196721311475,24.88022541999817,0.8231410980224609,55,403,8,0.12008733624454149,0.873015873015873,0.21113243761996162,6.60655737704918,0.13114754098360656,20,91,4.55,0.0,0.3065952145498678,31,427,32,0.06768558951965066,0.49206349206349204,0.11900191938579655,7.0,0.5245901639344263,20,91,4.55,0.0,0.4094616611321739,21
dataset2_honeybee,random_forest,d2_rf_001__centered48_balanced__hsv_lbp_only.joblib,centered48_balanced,48,hsv_lbp_only,0.9066427289048474,76,predict_proba_score_threshold,0.5,0.5,4,12,0.3,1.25,61,6039,1108,225,18.16393442622951,3.6885245901639343,14.459940671920776,0.39154720306396484,59,166,4,0.26222222222222225,0.9365079365079365,0.4097222222222222,2.721311475409836,0.06557377049180328,20,30,1.5,0.25,0.23754181271572172,16,209,47,0.07111111111111111,0.25396825396825395,0.1111111111111111,3.4262295081967213,0.7704918032786885,20,30,1.5,0.25,0.34582315321863827,22
dataset2_honeybee,random_forest,d2_rf_001__centered48_balanced__hsv_lbp_only.joblib,centered48_balanced,48,hsv_lbp_only,0.9066427289048474,66,predict_proba_score_threshold,0.4,0.4,4,12,0.2,1.25,61,6039,1415,209,23.19672131147541,3.4262295081967213,14.459940671920776,0.4084184169769287,56,153,7,0.2679425837320574,0.8888888888888888,0.4117647058823529,2.5081967213114753,0.11475409836065574,20,33,1.65,0.25,0.2344582235705998,15,194,48,0.07177033492822966,0.23809523809523808,0.11029411764705882,3.180327868852459,0.7868852459016393,20,33,1.65,0.25,0.33910966967441014,23
dataset2_honeybee,random_forest,d2_rf_001__centered48_balanced__hsv_lbp_only.joblib,centered48_balanced,48,hsv_lbp_only,0.9066427289048474,88,predict_proba_score_threshold,0.6,0.6,6,8,0.3,1.25,61,11895,1837,229,30.114754098360656,3.7540983606557377,24.88022541999817,0.580780029296875,58,171,5,0.25327510917030566,0.9206349206349206,0.3972602739726027,2.80327868852459,0.08196721311475409,20,25,1.25,0.45,0.23790809917608094,15,214,48,0.06550218340611354,0.23809523809523808,0.10273972602739725,3.5081967213114753,0.7868852459016393,20,25,1.25,0.45,0.35353918995026634,24
dataset2_honeybee,random_forest,d2_rf_001__centered48_balanced__hsv_lbp_only.joblib,centered48_balanced,48,hsv_lbp_only,0.9066427289048474,70,predict_proba_score_threshold,0.4,0.4,6,8,0.2,1.25,61,11895,2944,215,48.26229508196721,3.5245901639344264,24.88022541999817,0.8047730922698975,54,161,9,0.25116279069767444,0.8571428571428571,0.38848920863309355,2.639344262295082,0.14754098360655737,20,39,1.95,0.15,0.23661050598303088,14,201,49,0.06511627906976744,0.2222222222222222,0.10071942446043165,3.2950819672131146,0.8032786885245902,20,39,1.95,0.15,0.33943960783400523,25
dataset2_honeybee,random_forest,d2_rf_001__centered48_balanced__hsv_lbp_only.joblib,centered48_balanced,48,hsv_lbp_only,0.9066427289048474,58,predict_proba_score_threshold,0.3,0.3,4,12,0.2,1.25,61,6039,1830,255,30.0,4.180327868852459,14.459940671920776,0.5277619361877441,55,200,8,0.21568627450980393,0.873015873015873,0.34591194968553457,3.278688524590164,0.13114754098360656,20,49,2.45,0.05,0.23361841054821345,15,240,48,0.058823529411764705,0.23809523809523808,0.09433962264150944,3.9344262295081966,0.7868852459016393,20,49,2.45,0.05,0.3375382418312733,26
dataset2_honeybee,random_forest,d2_rf_001__centered48_balanced__hsv_lbp_only.joblib,centered48_balanced,48,hsv_lbp_only,0.9066427289048474,68,predict_proba_score_threshold,0.4,0.4,4,12,0.3,1.25,61,6039,1415,282,23.19672131147541,4.622950819672131,14.459940671920776,0.5198373794555664,58,224,5,0.20567375886524822,0.9206349206349206,0.336231884057971,3.6721311475409837,0.08196721311475409,20,41,2.05,0.25,0.2383192470353634,16,266,47,0.05673758865248227,0.25396825396825395,0.0927536231884058,4.360655737704918,0.7704918032786885,20,41,2.05,0.25,0.344694524730635,27
dataset2_honeybee,random_forest,d2_rf_001__centered48_balanced__hsv_lbp_only.joblib,centered48_balanced,48,hsv_lbp_only,0.9066427289048474,80,predict_proba_score_threshold,0.5,0.5,6,8,0.3,1.25,61,11895,2333,287,38.24590163934426,4.704918032786885,24.88022541999817,0.627338171005249,57,230,6,0.1986062717770035,0.9047619047619048,0.32571428571428573,3.7704918032786887,0.09836065573770492,20,38,1.9,0.25,0.23545793080736221,15,272,48,0.05226480836236934,0.23809523809523808,0.08571428571428572,4.459016393442623,0.7868852459016393,20,38,1.9,0.25,0.3503395013778418,28
dataset2_honeybee,random_forest,d2_rf_001__centered48_balanced__hsv_lbp_only.joblib,centered48_balanced,48,hsv_lbp_only,0.9066427289048474,62,predict_proba_score_threshold,0.3,0.3,6,8,0.2,1.25,61,11895,3792,266,62.16393442622951,4.360655737704918,24.88022541999817,0.7701230049133301,54,212,9,0.20300751879699247,0.8571428571428571,0.3282674772036474,3.4754098360655736,0.14754098360655737,20,56,2.8,0.0,0.23338061782130437,14,252,49,0.05263157894736842,0.2222222222222222,0.0851063829787234,4.131147540983607,0.8032786885245902,20,56,2.8,0.0,0.33750032104179695,29
dataset2_honeybee,random_forest,d2_rf_001__centered48_balanced__hsv_lbp_only.joblib,centered48_balanced,48,hsv_lbp_only,0.9066427289048474,60,predict_proba_score_threshold,0.3,0.3,4,12,0.3,1.25,61,6039,1830,362,30.0,5.934426229508197,14.459940671920776,0.5027732849121094,58,304,5,0.16022099447513813,0.9206349206349206,0.27294117647058824,4.983606557377049,0.08196721311475409,20,67,3.35,0.05,0.23731434132409118,16,346,47,0.04419889502762431,0.25396825396825395,0.07529411764705882,5.672131147540983,0.7704918032786885,20,67,3.35,0.05,0.3438460857667533,30
dataset2_honeybee,random_forest,d2_rf_001__centered48_balanced__hsv_lbp_only.joblib,centered48_balanced,48,hsv_lbp_only,0.9066427289048474,72,predict_proba_score_threshold,0.4,0.4,6,8,0.3,1.25,61,11895,2944,356,48.26229508196721,5.836065573770492,24.88022541999817,0.8226861953735352,57,299,6,0.1601123595505618,0.9047619047619048,0.2720763723150358,4.901639344262295,0.09836065573770492,20,53,2.65,0.15,0.2338120152960915,15,341,48,0.042134831460674156,0.23809523809523808,0.07159904534606205,5.590163934426229,0.7868852459016393,20,53,2.65,0.15,0.347392174186414,31
dataset2_honeybee,random_forest,d2_rf_001__centered48_balanced__hsv_lbp_only.joblib,centered48_balanced,48,hsv_lbp_only,0.9066427289048474,64,predict_proba_score_threshold,0.3,0.3,6,8,0.3,1.25,61,11895,3792,458,62.16393442622951,7.508196721311475,24.88022541999817,0.8537321090698242,57,401,6,0.12445414847161572,0.9047619047619048,0.21880998080614203,6.573770491803279,0.09836065573770492,20,91,4.55,0.0,0.23548862534865045,15,443,48,0.03275109170305677,0.23809523809523808,0.05758157389635317,7.262295081967213,0.7868852459016393,20,91,4.55,0.0,0.34708003320382286,32
dataset2_honeybee,rbf_svm,d2_rbfsvm_002__centered48_balanced__hog16_hsv_lbp.joblib,centered48_balanced,48,hog16_hsv_lbp,0.9174800354924578,49,decision_function_score_threshold,0.75,0.75,4,12,0.2,1.0,61,6039,505,96,8.278688524590164,1.5737704918032787,38.33234000205994,0.2175004482269287,52,44,11,0.5416666666666666,0.8253968253968254,0.6540880503144654,0.7213114754098361,0.18032786885245902,20,7,0.35,0.75,0.33069393219788673,32,64,31,0.3333333333333333,0.5079365079365079,0.4025157232704403,1.0491803278688525,0.5081967213114754,20,7,0.35,0.75,0.42659753739694206,1
dataset2_honeybee,rbf_svm,d2_rbfsvm_002__centered48_balanced__hog16_hsv_lbp.joblib,centered48_balanced,48,hog16_hsv_lbp,0.9174800354924578,51,decision_function_score_threshold,0.75,0.75,4,12,0.3,1.0,61,6039,505,126,8.278688524590164,2.0655737704918034,38.33234000205994,0.21920394897460938,55,71,8,0.4365079365079365,0.873015873015873,0.582010582010582,1.1639344262295082,0.13114754098360656,20,7,0.35,0.75,0.32459927808683164,36,90,27,0.2857142857142857,0.5714285714285714,0.38095238095238093,1.4754098360655739,0.4426229508196721,20,7,0.35,0.75,0.41960457522072275,2
dataset2_honeybee,rbf_svm,d2_rbfsvm_002__centered48_balanced__hog16_hsv_lbp.joblib,centered48_balanced,48,hog16_hsv_lbp,0.9174800354924578,53,decision_function_score_threshold,0.75,0.75,6,8,0.2,1.0,61,11895,1063,106,17.42622950819672,1.7377049180327868,74.4505364894867,0.36882662773132324,49,57,14,0.46226415094339623,0.7777777777777778,0.5798816568047337,0.9344262295081968,0.22950819672131148,20,7,0.35,0.7,0.3271850252970112,30,76,33,0.2830188679245283,0.47619047619047616,0.35502958579881655,1.2459016393442623,0.5409836065573771,20,7,0.35,0.7,0.43436651711224294,3
dataset2_honeybee,rbf_svm,d2_rbfsvm_002__centered48_balanced__hog16_hsv_lbp.joblib,centered48_balanced,48,hog16_hsv_lbp,0.9174800354924578,41,decision_function_score_threshold,0.5,0.5,4,12,0.2,1.0,61,6039,681,121,11.163934426229508,1.9836065573770492,38.33234000205994,0.24756717681884766,52,69,11,0.4297520661157025,0.8253968253968254,0.5652173913043478,1.1311475409836065,0.18032786885245902,20,10,0.5,0.6,0.32260657669031845,32,89,31,0.2644628099173554,0.5079365079365079,0.34782608695652173,1.459016393442623,0.5081967213114754,20,10,0.5,0.6,0.4163342113620796,4
dataset2_honeybee,rbf_svm,d2_rbfsvm_002__centered48_balanced__hog16_hsv_lbp.joblib,centered48_balanced,48,hog16_hsv_lbp,0.9174800354924578,43,decision_function_score_threshold,0.5,0.5,4,12,0.3,1.0,61,6039,681,157,11.163934426229508,2.5737704918032787,38.33234000205994,0.3008890151977539,54,103,9,0.34394904458598724,0.8571428571428571,0.4909090909090909,1.6885245901639345,0.14754098360655737,20,10,0.5,0.6,0.3291025433990394,37,120,26,0.2356687898089172,0.5873015873015873,0.33636363636363636,1.9672131147540983,0.4262295081967213,20,10,0.5,0.6,0.41036655386797677,5
dataset2_honeybee,rbf_svm,d2_rbfsvm_002__centered48_balanced__hog16_hsv_lbp.joblib,centered48_balanced,48,hog16_hsv_lbp,0.9174800354924578,45,decision_function_score_threshold,0.5,0.5,6,8,0.2,1.0,61,11895,1470,129,24.098360655737704,2.1147540983606556,74.4505364894867,0.5660367012023926,50,79,13,0.3875968992248062,0.7936507936507936,0.5208333333333334,1.2950819672131149,0.21311475409836064,20,14,0.7,0.5,0.3200575686798864,31,98,32,0.24031007751937986,0.49206349206349204,0.3229166666666667,1.6065573770491803,0.5245901639344263,20,14,0.7,0.5,0.42667102180846467,6
dataset2_honeybee,rbf_svm,d2_rbfsvm_002__centered48_balanced__hog16_hsv_lbp.joblib,centered48_balanced,48,hog16_hsv_lbp,0.9174800354924578,55,decision_function_score_threshold,0.75,0.75,6,8,0.3,1.0,61,11895,1063,147,17.42622950819672,2.4098360655737703,74.4505364894867,0.376476526260376,54,93,9,0.3673469387755102,0.8571428571428571,0.5142857142857142,1.5245901639344261,0.14754098360655737,20,9,0.45,0.7,0.325799057496913,32,115,31,0.21768707482993196,0.5079365079365079,0.3047619047619048,1.8852459016393444,0.5081967213114754,20,9,0.45,0.7,0.44184386554665067,7
dataset2_honeybee,rbf_svm,d2_rbfsvm_002__centered48_balanced__hog16_hsv_lbp.joblib,centered48_balanced,48,hog16_hsv_lbp,0.9174800354924578,35,decision_function_score_threshold,0.25,0.25,4,12,0.3,1.0,61,6039,920,202,15.081967213114755,3.3114754098360657,38.33234000205994,0.30478930473327637,53,149,10,0.2623762376237624,0.8412698412698413,0.4,2.442622950819672,0.16393442622950818,20,21,1.05,0.45,0.33106737430733674,35,167,28,0.17326732673267325,0.5555555555555556,0.2641509433962264,2.737704918032787,0.45901639344262296,20,21,1.05,0.45,0.41012975074182756,8
dataset2_honeybee,rbf_svm,d2_rbfsvm_002__centered48_balanced__hog16_hsv_lbp.joblib,centered48_balanced,48,hog16_hsv_lbp,0.9174800354924578,37,decision_function_score_threshold,0.25,0.25,6,8,0.2,1.0,61,11895,1939,157,31.78688524590164,2.5737704918032787,74.4505364894867,0.44726014137268066,50,107,13,0.3184713375796178,0.7936507936507936,0.45454545454545453,1.7540983606557377,0.21311475409836064,20,21,1.05,0.45,0.3140580061561165,29,128,34,0.18471337579617833,0.4603174603174603,0.2636363636363636,2.098360655737705,0.5573770491803278,20,21,1.05,0.45,0.4280775727436604,9
dataset2_honeybee,rbf_svm,d2_rbfsvm_002__centered48_balanced__hog16_hsv_lbp.joblib,centered48_balanced,48,hog16_hsv_lbp,0.9174800354924578,33,decision_function_score_threshold,0.25,0.25,4,12,0.2,1.0,61,6039,920,149,15.081967213114755,2.442622950819672,38.33234000205994,0.32951879501342773,51,98,12,0.3422818791946309,0.8095238095238095,0.4811320754716981,1.6065573770491803,0.19672131147540983,20,16,0.8,0.45,0.3156264237321133,27,122,36,0.18120805369127516,0.42857142857142855,0.25471698113207547,2.0,0.5901639344262295,20,16,0.8,0.45,0.4263860513793907,10
dataset2_honeybee,rbf_svm,d2_rbfsvm_002__centered48_balanced__hog16_hsv_lbp.joblib,centered48_balanced,48,hog16_hsv_lbp,0.9174800354924578,47,decision_function_score_threshold,0.5,0.5,6,8,0.3,1.0,61,11895,1470,197,24.098360655737704,3.2295081967213113,74.4505364894867,0.4036412239074707,54,143,9,0.27411167512690354,0.8571428571428571,0.4153846153846154,2.3442622950819674,0.14754098360655737,20,16,0.8,0.5,0.31800312647467954,33,164,30,0.16751269035532995,0.5238095238095238,0.25384615384615383,2.6885245901639343,0.4918032786885246,20,16,0.8,0.5,0.4350421665008451,11
dataset2_honeybee,rbf_svm,d2_rbfsvm_002__centered48_balanced__hog16_hsv_lbp.joblib,centered48_balanced,48,hog16_hsv_lbp,0.9174800354924578,25,decision_function_score_threshold,0.0,0.0,4,12,0.2,1.0,61,6039,1184,181,19.40983606557377,2.9672131147540983,38.33234000205994,0.38898205757141113,51,130,12,0.281767955801105,0.8095238095238095,0.4180327868852459,2.1311475409836067,0.19672131147540983,20,26,1.3,0.35,0.31065431854478703,29,152,34,0.16022099447513813,0.4603174603174603,0.23770491803278687,2.4918032786885247,0.5573770491803278,20,26,1.3,0.35,0.4129868598805261,12
dataset2_honeybee,rbf_svm,d2_rbfsvm_002__centered48_balanced__hog16_hsv_lbp.joblib,centered48_balanced,48,hog16_hsv_lbp,0.9174800354924578,27,decision_function_score_threshold,0.0,0.0,4,12,0.3,1.0,61,6039,1184,251,19.40983606557377,4.114754098360656,38.33234000205994,0.3796806335449219,54,197,9,0.2151394422310757,0.8571428571428571,0.34394904458598724,3.2295081967213113,0.14754098360655737,20,32,1.6,0.35,0.3217948313721373,37,214,26,0.14741035856573706,0.5873015873015873,0.2356687898089172,3.5081967213114753,0.4262295081967213,20,32,1.6,0.35,0.4016945564637881,13
dataset2_honeybee,rbf_svm,d2_rbfsvm_002__centered48_balanced__hog16_hsv_lbp.joblib,centered48_balanced,48,hog16_hsv_lbp,0.9174800354924578,50,decision_function_score_threshold,0.75,0.75,4,12,0.2,1.25,61,6039,505,96,8.278688524590164,1.5737704918032787,38.33234000205994,0.21762323379516602,51,45,12,0.53125,0.8095238095238095,0.6415094339622641,0.7377049180327869,0.19672131147540983,20,7,0.35,0.75,0.2495641525170072,17,79,46,0.17708333333333334,0.2698412698412698,0.2138364779874214,1.2950819672131149,0.7540983606557377,20,7,0.35,0.75,0.3540342111132936,14
dataset2_honeybee,rbf_svm,d2_rbfsvm_002__centered48_balanced__hog16_hsv_lbp.joblib,centered48_balanced,48,hog16_hsv_lbp,0.9174800354924578,39,decision_function_score_threshold,0.25,0.25,6,8,0.3,1.0,61,11895,1939,251,31.78688524590164,4.114754098360656,74.4505364894867,0.4857959747314453,54,197,9,0.2151394422310757,0.8571428571428571,0.34394904458598724,3.2295081967213113,0.14754098360655737,20,27,1.35,0.45,0.31647083274716376,33,218,30,0.13147410358565736,0.5238095238095238,0.21019108280254778,3.5737704918032787,0.4918032786885246,20,27,1.35,0.45,0.43137989122171716,15
dataset2_honeybee,rbf_svm,d2_rbfsvm_002__centered48_balanced__hog16_hsv_lbp.joblib,centered48_balanced,48,hog16_hsv_lbp,0.9174800354924578,29,decision_function_score_threshold,0.0,0.0,6,8,0.2,1.0,61,11895,2524,207,41.377049180327866,3.3934426229508197,74.4505364894867,0.6519362926483154,49,158,14,0.23671497584541062,0.7777777777777778,0.362962962962963,2.5901639344262297,0.22950819672131148,20,34,1.7,0.2,0.3122864189478727,28,179,35,0.13526570048309178,0.4444444444444444,0.2074074074074074,2.9344262295081966,0.5737704918032787,20,34,1.7,0.2,0.42806289993956226,16
dataset2_honeybee,rbf_svm,d2_rbfsvm_002__centered48_balanced__hog16_hsv_lbp.joblib,centered48_balanced,48,hog16_hsv_lbp,0.9174800354924578,52,decision_function_score_threshold,0.75,0.75,4,12,0.3,1.25,61,6039,505,126,8.278688524590164,2.0655737704918034,38.33234000205994,0.24338245391845703,56,70,7,0.4444444444444444,0.8888888888888888,0.5925925925925926,1.1475409836065573,0.11475409836065574,20,7,0.35,0.75,0.24559819724573745,17,109,46,0.1349206349206349,0.2698412698412698,0.17989417989417988,1.7868852459016393,0.7540983606557377,20,7,0.35,0.75,0.3521532287581505,17
dataset2_honeybee,rbf_svm,d2_rbfsvm_002__centered48_balanced__hog16_hsv_lbp.joblib,centered48_balanced,48,hog16_hsv_lbp,0.9174800354924578,54,decision_function_score_threshold,0.75,0.75,6,8,0.2,1.25,61,11895,1063,106,17.42622950819672,1.7377049180327868,74.4505364894867,0.4159677028656006,48,58,15,0.4528301886792453,0.7619047619047619,0.5680473372781065,0.9508196721311475,0.2459016393442623,20,7,0.35,0.7,0.24846844897429463,15,91,48,0.14150943396226415,0.23809523809523808,0.17751479289940827,1.4918032786885247,0.7868852459016393,20,7,0.35,0.7,0.3553190551281334,18
dataset2_honeybee,rbf_svm,d2_rbfsvm_002__centered48_balanced__hog16_hsv_lbp.joblib,centered48_balanced,48,hog16_hsv_lbp,0.9174800354924578,31,decision_function_score_threshold,0.0,0.0,6,8,0.3,1.0,61,11895,2524,326,41.377049180327866,5.344262295081967,74.4505364894867,0.6780354976654053,53,273,10,0.16257668711656442,0.8412698412698413,0.27249357326478146,4.475409836065574,0.16393442622950818,20,46,2.3,0.2,0.3164226990512661,34,292,29,0.10429447852760736,0.5396825396825397,0.17480719794344474,4.786885245901639,0.47540983606557374,20,46,2.3,0.2,0.4246078313265966,19
dataset2_honeybee,rbf_svm,d2_rbfsvm_002__centered48_balanced__hog16_hsv_lbp.joblib,centered48_balanced,48,hog16_hsv_lbp,0.9174800354924578,42,decision_function_score_threshold,0.5,0.5,4,12,0.2,1.25,61,6039,681,121,11.163934426229508,1.9836065573770492,38.33234000205994,0.2600991725921631,53,68,10,0.4380165289256198,0.8412698412698413,0.5760869565217391,1.1147540983606556,0.16393442622950818,20,10,0.5,0.6,0.24672295904172786,15,106,48,0.12396694214876033,0.23809523809523808,0.16304347826086957,1.7377049180327868,0.7868852459016393,20,10,0.5,0.6,0.35535095234998615,20
dataset2_honeybee,rbf_svm,d2_rbfsvm_002__centered48_balanced__hog16_hsv_lbp.joblib,centered48_balanced,48,hog16_hsv_lbp,0.9174800354924578,56,decision_function_score_threshold,0.75,0.75,6,8,0.3,1.25,61,11895,1063,147,17.42622950819672,2.4098360655737703,74.4505364894867,0.5924937725067139,53,94,10,0.36054421768707484,0.8412698412698413,0.5047619047619047,1.540983606557377,0.16393442622950818,20,9,0.45,0.7,0.24720633780541137,16,131,47,0.10884353741496598,0.25396825396825395,0.1523809523809524,2.1475409836065573,0.7704918032786885,20,9,0.45,0.7,0.35681359549535785,21
dataset2_honeybee,rbf_svm,d2_rbfsvm_002__centered48_balanced__hog16_hsv_lbp.joblib,centered48_balanced,48,hog16_hsv_lbp,0.9174800354924578,46,decision_function_score_threshold,0.5,0.5,6,8,0.2,1.25,61,11895,1470,129,24.098360655737704,2.1147540983606556,74.4505364894867,1.437436580657959,51,78,12,0.3953488372093023,0.8095238095238095,0.53125,1.278688524590164,0.19672131147540983,20,14,0.7,0.5,0.24629634645657794,14,115,49,0.10852713178294573,0.2222222222222222,0.14583333333333334,1.8852459016393444,0.8032786885245902,20,14,0.7,0.5,0.3567367420665697,22
dataset2_honeybee,rbf_svm,d2_rbfsvm_002__centered48_balanced__hog16_hsv_lbp.joblib,centered48_balanced,48,hog16_hsv_lbp,0.9174800354924578,34,decision_function_score_threshold,0.25,0.25,4,12,0.2,1.25,61,6039,920,149,15.081967213114755,2.442622950819672,38.33234000205994,0.305452823638916,52,97,11,0.348993288590604,0.8253968253968254,0.49056603773584906,1.5901639344262295,0.18032786885245902,20,16,0.8,0.45,0.24488725326293087,15,134,48,0.10067114093959731,0.23809523809523808,0.14150943396226415,2.19672131147541,0.7868852459016393,20,16,0.8,0.45,0.3511461041877261,23
dataset2_honeybee,rbf_svm,d2_rbfsvm_002__centered48_balanced__hog16_hsv_lbp.joblib,centered48_balanced,48,hog16_hsv_lbp,0.9174800354924578,44,decision_function_score_threshold,0.5,0.5,4,12,0.3,1.25,61,6039,681,157,11.163934426229508,2.5737704918032787,38.33234000205994,0.2524740695953369,57,100,6,0.3630573248407643,0.9047619047619048,0.5181818181818182,1.639344262295082,0.09836065573770492,20,10,0.5,0.6,0.24357030656267145,15,142,48,0.09554140127388536,0.23809523809523808,0.13636363636363635,2.3278688524590163,0.7868852459016393,20,10,0.5,0.6,0.35409322927736814,24
dataset2_honeybee,rbf_svm,d2_rbfsvm_002__centered48_balanced__hog16_hsv_lbp.joblib,centered48_balanced,48,hog16_hsv_lbp,0.9174800354924578,38,decision_function_score_threshold,0.25,0.25,6,8,0.2,1.25,61,11895,1939,157,31.78688524590164,2.5737704918032787,74.4505364894867,0.46926283836364746,51,106,12,0.3248407643312102,0.8095238095238095,0.4636363636363636,1.7377049180327868,0.19672131147540983,20,21,1.05,0.45,0.2451407285284062,15,142,48,0.09554140127388536,0.23809523809523808,0.13636363636363635,2.3278688524590163,0.7868852459016393,20,21,1.05,0.45,0.35177572503296467,25
dataset2_honeybee,rbf_svm,d2_rbfsvm_002__centered48_balanced__hog16_hsv_lbp.joblib,centered48_balanced,48,hog16_hsv_lbp,0.9174800354924578,26,decision_function_score_threshold,0.0,0.0,4,12,0.2,1.25,61,6039,1184,181,19.40983606557377,2.9672131147540983,38.33234000205994,0.37216806411743164,52,129,11,0.287292817679558,0.8253968253968254,0.4262295081967213,2.1147540983606556,0.18032786885245902,20,26,1.3,0.35,0.2421742003016149,15,166,48,0.08287292817679558,0.23809523809523808,0.12295081967213115,2.721311475409836,0.7868852459016393,20,26,1.3,0.35,0.3485180271120888,26
dataset2_honeybee,rbf_svm,d2_rbfsvm_002__centered48_balanced__hog16_hsv_lbp.joblib,centered48_balanced,48,hog16_hsv_lbp,0.9174800354924578,48,decision_function_score_threshold,0.5,0.5,6,8,0.3,1.25,61,11895,1470,197,24.098360655737704,3.2295081967213113,74.4505364894867,0.42690420150756836,55,142,8,0.27918781725888325,0.873015873015873,0.4230769230769231,2.3278688524590163,0.13114754098360656,20,16,0.8,0.5,0.2448636814506408,15,182,48,0.07614213197969544,0.23809523809523808,0.11538461538461539,2.9836065573770494,0.7868852459016393,20,16,0.8,0.5,0.35728821460944454,27
dataset2_honeybee,rbf_svm,d2_rbfsvm_002__centered48_balanced__hog16_hsv_lbp.joblib,centered48_balanced,48,hog16_hsv_lbp,0.9174800354924578,36,decision_function_score_threshold,0.25,0.25,4,12,0.3,1.25,61,6039,920,202,15.081967213114755,3.3114754098360657,38.33234000205994,0.29665398597717285,55,147,8,0.2722772277227723,0.873015873015873,0.41509433962264153,2.4098360655737703,0.13114754098360656,20,21,1.05,0.45,0.24860311550025754,15,187,48,0.07425742574257425,0.23809523809523808,0.11320754716981132,3.0655737704918034,0.7868852459016393,20,21,1.05,0.45,0.3522387754881,28
dataset2_honeybee,rbf_svm,d2_rbfsvm_002__centered48_balanced__hog16_hsv_lbp.joblib,centered48_balanced,48,hog16_hsv_lbp,0.9174800354924578,30,decision_function_score_threshold,0.0,0.0,6,8,0.2,1.25,61,11895,2524,207,41.377049180327866,3.3934426229508197,74.4505364894867,0.6477417945861816,50,157,13,0.24154589371980675,0.7936507936507936,0.37037037037037035,2.5737704918032787,0.21311475409836064,20,34,1.7,0.2,0.24455798238410542,15,192,48,0.07246376811594203,0.23809523809523808,0.1111111111111111,3.1475409836065573,0.7868852459016393,20,34,1.7,0.2,0.3494456192101837,29
dataset2_honeybee,rbf_svm,d2_rbfsvm_002__centered48_balanced__hog16_hsv_lbp.joblib,centered48_balanced,48,hog16_hsv_lbp,0.9174800354924578,40,decision_function_score_threshold,0.25,0.25,6,8,0.3,1.25,61,11895,1939,251,31.78688524590164,4.114754098360656,74.4505364894867,0.5096824169158936,56,195,7,0.22310756972111553,0.8888888888888888,0.35668789808917195,3.19672131147541,0.11475409836065574,20,27,1.35,0.45,0.2366284970539839,15,236,48,0.05976095617529881,0.23809523809523808,0.09554140127388536,3.8688524590163933,0.7868852459016393,20,27,1.35,0.45,0.3547460019135074,30
dataset2_honeybee,rbf_svm,d2_rbfsvm_002__centered48_balanced__hog16_hsv_lbp.joblib,centered48_balanced,48,hog16_hsv_lbp,0.9174800354924578,28,decision_function_score_threshold,0.0,0.0,4,12,0.3,1.25,61,6039,1184,251,19.40983606557377,4.114754098360656,38.33234000205994,0.3976309299468994,56,195,7,0.22310756972111553,0.8888888888888888,0.35668789808917195,3.19672131147541,0.11475409836065574,20,32,1.6,0.35,0.23967330693490324,14,237,49,0.055776892430278883,0.2222222222222222,0.08917197452229299,3.8852459016393444,0.8032786885245902,20,32,1.6,0.35,0.3571078035303216,31
dataset2_honeybee,rbf_svm,d2_rbfsvm_002__centered48_balanced__hog16_hsv_lbp.joblib,centered48_balanced,48,hog16_hsv_lbp,0.9174800354924578,32,decision_function_score_threshold,0.0,0.0,6,8,0.3,1.25,61,11895,2524,326,41.377049180327866,5.344262295081967,74.4505364894867,0.6459403038024902,56,270,7,0.17177914110429449,0.8888888888888888,0.2879177377892031,4.426229508196721,0.11475409836065574,20,46,2.3,0.2,0.23532931008299732,14,312,49,0.04294478527607362,0.2222222222222222,0.07197943444730077,5.114754098360656,0.8032786885245902,20,46,2.3,0.2,0.357078199807225,32
